,Latitude,Longitude,StopName,StopStatus,VehDistAlongRoute,VehicleRef
0,40.741793,-73.974964,1 AV/E 31 ST,at stop,5913.3,5562
1,40.78635,-73.942459,1 AV/E 102 ST,approaching,9465.34,6059
0,40.741969,-73.974835,1 AV/E 31 ST,at stop,5935.63,5562
1,40.787409,-73.941682,1 AV/E 106 ST,< 1 stop away,9600.05,6059
0,40.742582,-73.974389,1 AV/E 34 ST,< 1 stop away,6013.54,5562
1,40.787558,-73.941573,1 AV/E 106 ST,< 1 stop away,9619.01,6059
0,40.743166,-73.973963,1 AV/E 34 ST,approaching,6087.75,5562
1,40.787558,-73.941573,1 AV/E 106 ST,< 1 stop away,9619.01,6059
0,40.789349,-73.940266,1 AV/E 106 ST,approaching,9846.529999999999,6059
1,40.743166,-73.973963,1 AV/E 34 ST,approaching,6087.75,5562
0,40.789872,-73.939885,1 AV/E 106 ST,at stop,9912.89,6059
1,40.743166,-73.973963,1 AV/E 34 ST,approaching,6087.75,5562
0,40.791669,-73.938568,1 AV/E 108 ST,at stop,10141.45,6059
1,40.743808,-73.973492,1 AV/E 34 ST,approaching,6169.38,5562
0,40.743779,-73.973513,1 AV/E 34 ST,approaching,6165.67,5562
1,40.792079,-73.938272,1 AV/E 111 ST,approaching,10193.41,6059
0,40.792824,-73.937728,1 AV/E 111 ST,approaching,10288.0,6059
1,40.743779,-73.973513,1 AV/E 34 ST,approaching,6165.67,5562
0,40.792824,-73.937728,1 AV/E 111 ST,approaching,10288.0,6059
1,40.743779,-73.973513,1 AV/E 34 ST,approaching,6165.67,5562
0,40.794232,-73.9367,1 AV/E 113 ST,at stop,10466.92,6059
1,40.744563,-73.972944,1 AV/E 36 ST,approaching,6265.21,5562
0,40.744851,-73.972733,1 AV/E 36 ST,approaching,6301.820000000001,5562
1,40.795307,-73.935915,1 AV/E 116 ST,approaching,10603.539999999999,6059
0,40.796309,-73.935185,1 AV/E 116 ST,at stop,10730.76,6059
1,40.745053,-73.972586,1 AV/E 36 ST,approaching,6327.450000000001,5562
0,40.746041,-73.971865,1 AV/E 39 ST,approaching,6453.0,5562
1,40.796532,-73.935022,1 AV/E 120 ST,< 1 stop away,10759.07,6059
0,40.719233,-73.99024,ALLEN ST/DELANCEY ST,approaching,3084.4199999999996,5873
1,40.746187,-73.971759,1 AV/E 39 ST,approaching,6471.53,5562
2,40.796532,-73.935022,1 AV/E 120 ST,< 1 stop away,10759.07,6059
0,40.719233,-73.99024,ALLEN ST/DELANCEY ST,approaching,3084.4199999999996,5873
1,40.796532,-73.935022,1 AV/E 120 ST,< 1 stop away,10759.07,6059
0,40.719715,-73.989991,ALLEN ST/STANTON ST,< 1 stop away,3142.05,5873
1,40.796532,-73.935022,1 AV/E 120 ST,< 1 stop away,10759.07,6059
0,40.802877,-73.931763,E 126 ST/2 AV,approaching,11611.95,6059
1,40.720135,-73.989774,ALLEN ST/STANTON ST,< 1 stop away,3192.12,5873
0,40.721704,-73.988972,ALLEN ST/STANTON ST,at stop,3379.2200000000003,5873
0,40.721818,-73.988931,ALLEN ST/STANTON ST,at stop,3392.4,5873
0,40.722274,-73.988764,1 AV/E 2 ST,< 1 stop away,3445.04,5873
0,40.723781,-73.988084,1 AV / 4 ST,< 1 stop away,3625.57,5873
0,40.724435,-73.98761,1 AV / 4 ST,approaching,3708.6,5873
0,40.724406,-73.98763,1 AV / 4 ST,approaching,3704.9900000000002,5873
0,40.725516,-73.986825,1 AV/ST MARKS PL,< 1 stop away,3845.7900000000004,5873
0,40.725573,-73.986783,1 AV/ST MARKS PL,< 1 stop away,3853.0200000000004,5873
0,40.725573,-73.986783,1 AV/ST MARKS PL,< 1 stop away,3853.0200000000004,5873
0,40.725772,-73.986638,1 AV/ST MARKS PL,< 1 stop away,3878.34,5873
0,40.726654,-73.985994,1 AV/ST MARKS PL,approaching,3990.4500000000003,5873
1,40.723695,-73.988146,1 AV / 4 ST,< 1 stop away,1502.98,5908
0,40.727509,-73.985373,1 AV/ST MARKS PL,approaching,4098.950000000001,5873
1,40.724492,-73.987568,1 AV / 4 ST,approaching,1604.0600000000002,5908
0,40.727509,-73.985373,1 AV/ST MARKS PL,approaching,4098.950000000001,5873
1,40.725943,-73.986514,1 AV/ST MARKS PL,< 1 stop away,1788.28,5908
0,40.726854,-73.985849,1 AV/ST MARKS PL,approaching,1904.01,5908
1,40.727995,-73.985019,1 AV/E 11 ST,< 1 stop away,4160.66,5873
0,40.729177,-73.984158,1 AV/E 11 ST,approaching,4310.79,5873
1,40.726854,-73.985849,1 AV/ST MARKS PL,approaching,1904.01,5908
0,40.727737,-73.985207,1 AV/ST MARKS PL,at stop,2016.12,5908
1,40.730578,-73.983137,1 AV/E 14 ST,< 1 stop away,4488.72,5873
0,40.730634,-73.983095,1 AV/E 14 ST,< 1 stop away,4495.950000000001,5873
1,40.72788,-73.985103,1 AV/E 11 ST,< 1 stop away,2034.2500000000002,5908
0,40.73163,-73.982369,1 AV/E 14 ST,approaching,4622.490000000001,5873
1,40.727937,-73.985061,1 AV/E 11 ST,< 1 stop away,2041.5800000000002,5908
0,40.73163,-73.982369,1 AV/E 14 ST,approaching,4622.490000000001,5873
1,40.72863,-73.984559,1 AV/E 11 ST,approaching,2129.46,5908
0,40.73163,-73.982369,1 AV/E 14 ST,approaching,4622.490000000001,5873
1,40.72863,-73.984559,1 AV/E 11 ST,approaching,2129.46,5908
0,40.729609,-73.983842,1 AV/E 11 ST,at stop,2253.96,5908
1,40.73163,-73.982369,1 AV/E 14 ST,approaching,4622.490000000001,5873
0,40.731744,-73.982286,1 AV/E 14 ST,approaching,4636.950000000001,5873
1,40.731032,-73.982804,1 AV/E 14 ST,approaching,2434.8199999999997,5908
0,40.731972,-73.98212,1 AV/E 14 ST,at stop,4665.870000000001,5873
1,40.731175,-73.982699,1 AV/E 14 ST,approaching,2452.89,5908
0,40.73163,-73.982369,1 AV/E 14 ST,approaching,2510.74,5908
1,40.733198,-73.981227,1 AV/E 20 ST,< 1 stop away,4821.5599999999995,5873
0,40.731972,-73.98212,1 AV/E 14 ST,at stop,2554.12,5908
1,40.733544,-73.980974,1 AV/E 20 ST,< 1 stop away,4865.5199999999995,5873
0,40.732515,-73.981724,1 AV/E 17 ST,approaching,2623.1099999999997,5908
1,40.733747,-73.980826,1 AV/E 20 ST,< 1 stop away,4891.37,5873
0,40.732825,-73.981498,1 AV/E 17 ST,approaching,2662.54,5908
1,40.734419,-73.980337,1 AV/E 20 ST,approaching,4976.7,5873
0,40.803092,-73.932276,E 126 ST/2 AV,at stop,13772.980000000001,5618
1,40.733625,-73.980915,1 AV/E 20 ST,< 1 stop away,2764.11,5908
2,40.7354,-73.979623,1 AV/E 23 ST,< 1 stop away,5101.26,5873
0,40.734338,-73.980397,1 AV/E 20 ST,approaching,2854.6,5908
1,40.7354,-73.979623,1 AV/E 23 ST,< 1 stop away,5101.26,5873
0,40.734399,-73.980352,1 AV/E 20 ST,approaching,2862.36,5908
1,40.735566,-73.979504,1 AV/E 23 ST,< 1 stop away,5122.2300000000005,5873
0,40.736184,-73.979052,1 AV/E 23 ST,approaching,3089.11,5908
1,40.735566,-73.979504,1 AV/E 23 ST,< 1 stop away,5122.2300000000005,5873
0,40.73668,-73.978692,1 AV/E 23 ST,approaching,3152.0099999999998,5908
1,40.737476,-73.978109,1 AV/E 25 ST,approaching,5365.07,5873
0,40.736866,-73.978557,1 AV/E 23 ST,at stop,3175.6,5908
1,40.737534,-73.978066,1 AV/E 25 ST,approaching,5372.42,5873
0,40.738725,-73.977197,1 AV/E 27 ST,approaching,5523.740000000001,5873
1,40.737419,-73.978151,1 AV/E 25 ST,approaching,3245.95,5908
0,40.739286,-73.976789,1 AV/E 27 ST,approaching,5594.9800000000005,5873
1,40.737419,-73.978151,1 AV/E 25 ST,approaching,3245.95,5908
0,40.739375,-73.976724,1 AV/E 27 ST,approaching,5606.2300000000005,5873
1,40.738026,-73.977707,1 AV/E 25 ST,approaching,3323.2,5908
0,40.739375,-73.976724,1 AV/E 27 ST,approaching,5606.2300000000005,5873
1,40.738026,-73.977707,1 AV/E 25 ST,approaching,3323.2,5908
0,40.739198,-73.976853,1 AV/E 27 ST,approaching,3471.98,5908
1,40.74062,-73.975816,1 AV/E 31 ST,< 1 stop away,5764.4400000000005,5873
0,40.739286,-73.976789,1 AV/E 27 ST,approaching,3483.23,5908
1,40.74109,-73.975476,1 AV/E 31 ST,approaching,5823.9800000000005,5873
0,40.741939,-73.974857,1 AV/E 31 ST,at stop,5931.91,5873
1,40.74036,-73.976006,1 AV/E 28 ST,at stop,3619.64,5908
0,40.741148,-73.975433,1 AV/E 31 ST,approaching,3719.67,5908
1,40.742173,-73.974687,1 AV/E 34 ST,< 1 stop away,5961.599999999999,5873
0,40.741148,-73.975433,1 AV/E 31 ST,approaching,3719.67,5908
1,40.742319,-73.97458,1 AV/E 34 ST,< 1 stop away,5980.15,5873
0,40.741851,-73.974921,1 AV/E 31 ST,at stop,3808.98,5908
1,40.743196,-73.973942,1 AV/E 34 ST,approaching,6091.46,5873
0,40.741851,-73.974921,1 AV/E 31 ST,at stop,3808.98,5908
1,40.743196,-73.973942,1 AV/E 34 ST,approaching,6091.46,5873
0,40.741969,-73.974835,1 AV/E 31 ST,at stop,3823.87,5908
1,40.743458,-73.973749,1 AV/E 34 ST,approaching,6124.849999999999,5873
0,40.7434,-73.973792,1 AV/E 34 ST,approaching,6117.429999999999,5873
1,40.742378,-73.974538,1 AV/E 34 ST,< 1 stop away,3875.8199999999997,5908
0,40.743837,-73.973471,1 AV/E 34 ST,approaching,6173.089999999999,5873
1,40.743108,-73.974006,1 AV/E 34 ST,approaching,3968.5799999999995,5908
0,40.743837,-73.973471,1 AV/E 34 ST,approaching,6173.089999999999,5873
1,40.743254,-73.973899,1 AV/E 34 ST,approaching,3987.1299999999997,5908
0,40.743837,-73.973471,1 AV/E 34 ST,approaching,6173.089999999999,5873
1,40.743254,-73.973899,1 AV/E 34 ST,approaching,3987.1299999999997,5908
0,40.744071,-73.973302,1 AV/E 34 ST,at stop,6202.7699999999995,5873
1,40.743925,-73.973408,1 AV/E 34 ST,approaching,4072.47,5908
0,40.772589,-73.952503,1 AV/E 79 ST,at stop,7716.96,5830
0,40.774729,-73.950943,1 AV/E 86 ST,< 1 stop away,7988.84,5830
0,40.777093,-73.949216,1 AV/E 86 ST,at stop,8289.25,5830
0,40.777093,-73.949216,1 AV/E 86 ST,at stop,8289.25,5830
0,40.777421,-73.948975,1 AV/E 89 ST,< 1 stop away,8330.94,5830
0,40.778434,-73.948238,1 AV/E 89 ST,approaching,8459.62,5830
0,40.779209,-73.947673,1 AV/E 93 ST,< 1 stop away,8557.97,5830
0,40.781375,-73.946087,1 AV/E 93 ST,at stop,8833.39,5830
0,40.78175,-73.945813,1 AV/ E 97 ST,< 1 stop away,8881.04,5830
0,40.78185,-73.94574,1 AV/ E 97 ST,< 1 stop away,8893.78,5830
0,40.784092,-73.944109,1 AV/ E 97 ST,approaching,9178.410000000002,5830
0,40.785429,-73.943131,1 AV/E 99 ST,at stop,9348.35,5830
0,40.786632,-73.942252,1 AV/E 102 ST,approaching,9501.23,5830
0,40.789672,-73.940031,1 AV/E 106 ST,at stop,9887.48,5830
0,40.789938,-73.939836,1 AV/E 108 ST,< 1 stop away,9921.37,5830
0,40.790439,-73.93947,1 AV/E 108 ST,< 1 stop away,9984.980000000001,5830
0,40.791875,-73.93842,1 AV/E 111 ST,< 1 stop away,10167.51,5830
0,40.793716,-73.937077,1 AV/E 113 ST,approaching,10401.34,5830
0,40.79461,-73.936424,1 AV/E 116 ST,< 1 stop away,10514.949999999999,5830
0,40.79471,-73.93635,1 AV/E 116 ST,< 1 stop away,10527.679999999998,5830
0,40.796346,-73.935158,1 AV/E 116 ST,at stop,10735.47,5830
0,40.797146,-73.934573,1 AV/E 120 ST,< 1 stop away,10837.14,5830
0,40.797146,-73.934573,1 AV/E 120 ST,< 1 stop away,10837.14,5830
0,40.800031,-73.932464,1 AV/PALADINO AV,approaching,11203.8,5830
0,40.801691,-73.931248,E 126 ST/2 AV,< 1 stop away,11414.85,5830
0,40.801708,-73.931236,E 126 ST/2 AV,< 1 stop away,11416.990000000002,5830
0,40.802503,-73.93088,E 126 ST/2 AV,approaching,11526.25,5830
0,40.803092,-73.932276,E 126 ST/2 AV,at stop,11661.230000000001,5830
0,40.774737,-73.950938,1 AV/E 86 ST,< 1 stop away,7989.84,5562
0,40.774822,-73.950876,1 AV/E 86 ST,< 1 stop away,8000.65,5562
0,40.77663,-73.949554,1 AV/E 86 ST,approaching,8230.39,5562
0,40.777289,-73.949072,1 AV/E 89 ST,< 1 stop away,8314.210000000001,5562
0,40.7781,-73.948481,1 AV/E 89 ST,approaching,8417.17,5562
0,40.7781,-73.948481,1 AV/E 89 ST,approaching,8417.17,5562
0,40.779845,-73.947208,1 AV/E 93 ST,< 1 stop away,8638.82,5562
0,40.781657,-73.945881,1 AV/ E 97 ST,< 1 stop away,8869.19,5562
0,40.781657,-73.945881,1 AV/ E 97 ST,< 1 stop away,8869.19,5562
0,40.781842,-73.945747,1 AV/ E 97 ST,< 1 stop away,8892.68,5562
0,40.783248,-73.944723,1 AV/ E 97 ST,< 1 stop away,9071.2,5562
0,40.72435,-73.987671,1 AV / 4 ST,approaching,1586.01,5912
1,40.783248,-73.944723,1 AV/ E 97 ST,< 1 stop away,9071.2,5562
0,40.78421,-73.944023,1 AV/ E 97 ST,approaching,9193.35,5562
1,40.724663,-73.987444,1 AV / 4 ST,approaching,1625.72,5912
0,40.724663,-73.987444,1 AV / 4 ST,approaching,1625.72,5912
0,40.725573,-73.986783,1 AV/ST MARKS PL,< 1 stop away,1741.26,5912
0,40.725687,-73.986701,1 AV/ST MARKS PL,< 1 stop away,1755.73,5912
0,40.726114,-73.986389,1 AV/ST MARKS PL,< 1 stop away,1809.98,5912
0,40.72674,-73.985932,1 AV/ST MARKS PL,approaching,1889.54,5912
0,40.726768,-73.985911,1 AV/ST MARKS PL,approaching,1893.1599999999999,5912
0,40.72788,-73.985103,1 AV/E 11 ST,< 1 stop away,2034.2500000000002,5912
0,40.727937,-73.985061,1 AV/E 11 ST,< 1 stop away,2041.5800000000002,5912
0,40.728024,-73.984998,1 AV/E 11 ST,< 1 stop away,2052.5600000000004,5912
0,40.728918,-73.984349,1 AV/E 11 ST,approaching,2166.0800000000004,5912
0,40.731004,-73.982824,1 AV/E 14 ST,approaching,2431.2,5912
0,40.731573,-73.98241,1 AV/E 14 ST,approaching,2503.5,5912
0,40.731573,-73.98241,1 AV/E 14 ST,approaching,2503.5,5912
1,40.723748,-73.988108,1 AV / 4 ST,< 1 stop away,3621.4700000000003,5263
0,40.73237,-73.98183,1 AV/E 17 ST,approaching,2604.72,5912
1,40.723748,-73.988108,1 AV / 4 ST,< 1 stop away,3621.4700000000003,5263
0,40.735009,-73.979905,1 AV/E 20 ST,at stop,2939.93,5912
1,40.72432,-73.987693,1 AV / 4 ST,approaching,3694.03,5263
0,40.7354,-73.979623,1 AV/E 23 ST,< 1 stop away,2989.5099999999998,5912
1,40.725913,-73.986536,1 AV/ST MARKS PL,< 1 stop away,3896.2000000000003,5263
0,40.735462,-73.979578,1 AV/E 23 ST,< 1 stop away,2997.37,5912
1,40.726196,-73.986329,1 AV/ST MARKS PL,< 1 stop away,3932.2300000000005,5263
0,40.737361,-73.978193,1 AV/E 25 ST,approaching,3238.5899999999997,5912
1,40.726244,-73.986294,1 AV/ST MARKS PL,< 1 stop away,3938.2300000000005,5263
0,40.738026,-73.977707,1 AV/E 25 ST,approaching,3323.2,5912
1,40.726787,-73.985898,1 AV/ST MARKS PL,approaching,4007.2700000000004,5263
0,40.738026,-73.977707,1 AV/E 25 ST,approaching,3323.2,5912
1,40.728521,-73.984638,1 AV/E 11 ST,approaching,4227.34,5263
0,40.738084,-73.977665,1 AV/E 25 ST,approaching,3330.56,5912
1,40.7305,-73.983193,1 AV/E 14 ST,< 1 stop away,4478.88,5263
0,40.739139,-73.976896,1 AV/E 27 ST,approaching,3464.48,5912
1,40.7305,-73.983193,1 AV/E 14 ST,< 1 stop away,4478.88,5263
0,40.739871,-73.976364,1 AV/E 28 ST,approaching,3557.47,5912
1,40.731214,-73.982671,1 AV/E 14 ST,approaching,4569.610000000001,5263
0,40.740217,-73.976112,1 AV/E 28 ST,approaching,3601.3599999999997,5912
1,40.732825,-73.981498,1 AV/E 17 ST,approaching,4774.299999999999,5263
0,40.740533,-73.97588,1 AV/E 28 ST,at stop,3641.58,5912
1,40.734623,-73.980189,1 AV/E 20 ST,approaching,5002.549999999999,5263
0,40.734704,-73.98013,1 AV/E 20 ST,approaching,5012.889999999999,5263
1,40.741119,-73.975455,1 AV/E 31 ST,approaching,3715.95,5912
0,40.741676,-73.975049,1 AV/E 31 ST,approaching,3786.65,5912
1,40.735379,-73.979638,1 AV/E 23 ST,< 1 stop away,5098.64,5263
0,40.741793,-73.974964,1 AV/E 31 ST,at stop,3801.54,5912
1,40.736659,-73.978707,1 AV/E 23 ST,approaching,5261.14,5263
0,40.741793,-73.974964,1 AV/E 31 ST,at stop,3801.54,5912
1,40.736659,-73.978707,1 AV/E 23 ST,approaching,5261.14,5263
0,40.741851,-73.974921,1 AV/E 31 ST,at stop,3808.98,5912
1,40.737401,-73.978164,1 AV/E 25 ST,approaching,5355.51,5263
0,40.737985,-73.977737,1 AV/E 25 ST,approaching,5429.73,5263
1,40.742378,-73.974538,1 AV/E 34 ST,< 1 stop away,3875.8199999999997,5912
0,40.738011,-73.977718,1 AV/E 25 ST,approaching,5432.96,5263
1,40.802766,-73.931496,E 126 ST/2 AV,approaching,11586.240000000002,6035
2,40.742728,-73.974282,1 AV/E 34 ST,< 1 stop away,3920.3399999999997,5912
0,40.802766,-73.931496,E 126 ST/2 AV,approaching,11586.240000000002,6035
1,40.739769,-73.976438,1 AV/E 28 ST,approaching,5656.23,5263
2,40.742816,-73.974219,1 AV/E 34 ST,< 1 stop away,3931.4799999999996,5912
0,40.802766,-73.931496,E 126 ST/2 AV,approaching,11586.240000000002,6035
1,40.739769,-73.976438,1 AV/E 28 ST,approaching,5656.23,5263
2,40.743166,-73.973963,1 AV/E 34 ST,approaching,3975.9999999999995,5912
0,40.743604,-73.973642,1 AV/E 34 ST,approaching,4031.6499999999996,5912
1,40.802766,-73.931496,E 126 ST/2 AV,approaching,11586.240000000002,6035
2,40.74115,-73.975432,1 AV/E 31 ST,approaching,5831.7,5263
0,40.743604,-73.973642,1 AV/E 34 ST,approaching,4031.6499999999996,5912
1,40.802766,-73.931496,E 126 ST/2 AV,approaching,11586.240000000002,6035
2,40.741278,-73.975339,1 AV/E 31 ST,approaching,5847.9400000000005,5263
0,40.743866,-73.97345,1 AV/E 34 ST,approaching,4065.0499999999997,5912
1,40.802766,-73.931496,E 126 ST/2 AV,approaching,11586.240000000002,6035
2,40.742045,-73.97478,1 AV/E 34 ST,< 1 stop away,5945.349999999999,5263
0,40.743779,-73.973513,1 AV/E 34 ST,approaching,4053.9199999999996,5912
1,40.802766,-73.931496,E 126 ST/2 AV,approaching,11586.240000000002,6035
2,40.742683,-73.974315,1 AV/E 34 ST,< 1 stop away,6026.38,5263
0,40.743779,-73.973513,1 AV/E 34 ST,approaching,4053.9199999999996,5912
1,40.802766,-73.931496,E 126 ST/2 AV,approaching,11586.240000000002,6035
2,40.742836,-73.974204,1 AV/E 34 ST,< 1 stop away,6045.83,5263
0,40.743779,-73.973513,1 AV/E 34 ST,approaching,4053.9199999999996,5912
1,40.802766,-73.931496,E 126 ST/2 AV,approaching,11586.240000000002,6035
2,40.743015,-73.974074,1 AV/E 34 ST,approaching,6068.5199999999995,5263
0,40.743779,-73.973513,1 AV/E 34 ST,approaching,4053.9199999999996,5912
1,40.802766,-73.931496,E 126 ST/2 AV,approaching,11586.240000000002,6035
0,40.743779,-73.973513,1 AV/E 34 ST,approaching,4053.9199999999996,5912
1,40.802766,-73.931496,E 126 ST/2 AV,approaching,11586.240000000002,6035
0,40.743779,-73.973513,1 AV/E 34 ST,approaching,4053.9199999999996,5912
1,40.802766,-73.931496,E 126 ST/2 AV,approaching,11586.240000000002,6035
0,40.802766,-73.931496,E 126 ST/2 AV,approaching,11586.240000000002,6035
1,40.744419,-73.973049,1 AV/E 36 ST,approaching,4135.14,5912
0,40.772679,-73.952437,1 AV/E 82 ST,< 1 stop away,7728.41,5714
0,40.7727,-73.952422,1 AV/E 82 ST,< 1 stop away,7731.11,5714
0,40.772359,-73.952672,1 AV/E 79 ST,approaching,7687.77,5908
1,40.772933,-73.95225,1 AV/E 82 ST,< 1 stop away,7760.75,5714
0,40.774225,-73.95131,1 AV/E 82 ST,approaching,7924.8,5908
1,40.774058,-73.951432,1 AV/E 82 ST,approaching,7903.57,5714
0,40.776554,-73.949609,1 AV/E 86 ST,approaching,8220.8,5908
1,40.775142,-73.950644,1 AV/E 86 ST,< 1 stop away,8041.2,5714
0,40.777063,-73.949238,1 AV/E 86 ST,at stop,8285.45,5908
1,40.777247,-73.949103,1 AV/E 89 ST,< 1 stop away,8308.79,5714
0,40.779018,-73.947813,1 AV/E 89 ST,at stop,8533.68,5714
1,40.777063,-73.949238,1 AV/E 86 ST,at stop,8285.45,5908
0,40.777063,-73.949238,1 AV/E 86 ST,at stop,8285.45,5908
1,40.779124,-73.947735,1 AV/E 93 ST,< 1 stop away,8547.189999999999,5714
0,40.777063,-73.949238,1 AV/E 86 ST,at stop,8285.45,5908
1,40.780312,-73.946868,1 AV/E 93 ST,< 1 stop away,8698.099999999999,5714
0,40.78137,-73.94609,1 AV/E 93 ST,at stop,8832.849999999999,5714
1,40.777331,-73.949041,1 AV/E 89 ST,< 1 stop away,8319.58,5908
0,40.778822,-73.947957,1 AV/E 89 ST,at stop,8508.82,5908
1,40.78165,-73.945886,1 AV/ E 97 ST,< 1 stop away,8868.29,5714
0,40.779327,-73.947586,1 AV/E 93 ST,< 1 stop away,8573.06,5908
1,40.78165,-73.945886,1 AV/ E 97 ST,< 1 stop away,8868.29,5714
0,40.779327,-73.947586,1 AV/E 93 ST,< 1 stop away,8573.06,5908
1,40.78165,-73.945886,1 AV/ E 97 ST,< 1 stop away,8868.29,5714
0,40.781138,-73.946261,1 AV/E 93 ST,approaching,8803.21,5908
1,40.78165,-73.945886,1 AV/ E 97 ST,< 1 stop away,8868.29,5714
0,40.781138,-73.946261,1 AV/E 93 ST,approaching,8803.21,5908
1,40.781683,-73.945862,1 AV/ E 97 ST,< 1 stop away,8872.54,5714
0,40.781683,-73.945862,1 AV/ E 97 ST,< 1 stop away,8872.54,5714
1,40.781616,-73.945911,1 AV/ E 97 ST,< 1 stop away,8864.04,5908
0,40.781683,-73.945862,1 AV/ E 97 ST,< 1 stop away,8872.54,5714
1,40.781616,-73.945911,1 AV/ E 97 ST,< 1 stop away,8864.04,5908
0,40.781683,-73.945862,1 AV/ E 97 ST,< 1 stop away,8872.54,5714
1,40.781616,-73.945911,1 AV/ E 97 ST,< 1 stop away,8864.04,5908
0,40.782485,-73.945274,1 AV/ E 97 ST,< 1 stop away,8974.5,5908
1,40.781683,-73.945862,1 AV/ E 97 ST,< 1 stop away,8872.54,5714
0,40.784092,-73.944109,1 AV/ E 97 ST,approaching,9178.410000000002,5908
1,40.781683,-73.945862,1 AV/ E 97 ST,< 1 stop away,8872.54,5714
0,40.784092,-73.944109,1 AV/ E 97 ST,approaching,9178.410000000002,5908
1,40.781683,-73.945862,1 AV/ E 97 ST,< 1 stop away,8872.54,5714
0,40.784092,-73.944109,1 AV/ E 97 ST,approaching,9178.410000000002,5908
1,40.781683,-73.945862,1 AV/ E 97 ST,< 1 stop away,8872.54,5714
0,40.784426,-73.943865,1 AV/ E 97 ST,approaching,9220.890000000001,5908
1,40.781683,-73.945862,1 AV/ E 97 ST,< 1 stop away,8872.54,5714
0,40.785373,-73.943173,1 AV/E 99 ST,at stop,9341.11,5908
0,40.78566,-73.942962,1 AV/E 102 ST,< 1 stop away,9377.76,5908
0,40.709657,-74.001549,PEARL ST/R F WAGNER SR PL,approaching,1380.5,1251
1,40.78654,-73.94232,1 AV/E 102 ST,approaching,9489.47,5908
0,40.787405,-73.941685,1 AV/E 106 ST,< 1 stop away,9599.539999999999,5908
0,40.787372,-73.941709,1 AV/E 102 ST,at stop,9595.31,5908
0,40.787572,-73.941563,1 AV/E 106 ST,< 1 stop away,9620.72,5908
0,40.789338,-73.940274,1 AV/E 106 ST,approaching,9845.14,5908
0,40.789872,-73.939885,1 AV/E 106 ST,at stop,9912.89,5908
0,40.790205,-73.939641,1 AV/E 108 ST,< 1 stop away,9955.29,5908
0,40.790205,-73.939641,1 AV/E 108 ST,< 1 stop away,9955.29,5908
0,40.790572,-73.939373,1 AV/E 108 ST,approaching,10001.94,5908
0,40.791807,-73.938468,1 AV/E 111 ST,< 1 stop away,10158.95,5908
0,40.792515,-73.937953,1 AV/E 111 ST,approaching,10248.81,5908
0,40.79322,-73.937439,1 AV/E 113 ST,approaching,10338.42,5908
0,40.793584,-73.937174,1 AV/E 113 ST,approaching,10384.560000000001,5908
0,40.79441,-73.93657,1 AV/E 116 ST,< 1 stop away,10489.51,5908
0,40.795945,-73.93545,1 AV/E 116 ST,approaching,10684.58,5908
0,40.796313,-73.935182,1 AV/E 116 ST,at stop,10731.23,5908
0,40.701493,-74.012469,SOUTH ST/WHITEHALL ST,at stop,0.05,5704
1,40.796446,-73.935085,1 AV/E 120 ST,< 1 stop away,10748.179999999998,5908
0,40.701493,-74.012469,SOUTH ST/WHITEHALL ST,at stop,0.05,5704
1,40.798178,-73.933814,1 AV/E 120 ST,approaching,10968.449999999999,5908
0,40.799386,-73.932934,1 AV/PALADINO AV,approaching,11121.91,5908
1,40.70175,-74.012643,WATER ST/BROAD ST,< 1 stop away,39.139999999999986,5704
0,40.799658,-73.932736,1 AV/PALADINO AV,approaching,11156.39,5908
1,40.702248,-74.012792,WATER ST/BROAD ST,< 1 stop away,95.98999999999998,5704
0,40.800031,-73.932464,1 AV/PALADINO AV,approaching,11203.8,5908
1,40.702642,-74.012412,WATER ST/BROAD ST,approaching,159.95,5704
0,40.800601,-73.932047,1 AV/E 125 ST,approaching,11276.26,5908
1,40.703192,-74.010593,WATER ST/OLD SLIP,< 1 stop away,326.75,5704
0,40.801294,-73.931541,1 AV/E 125 ST,approaching,11364.33,5908
1,40.703952,-74.009177,WATER ST/OLD SLIP,approaching,474.7,5704
0,40.801591,-73.931322,1 AV/E 125 ST,at stop,11402.08,5908
1,40.703952,-74.009177,WATER ST/OLD SLIP,approaching,474.7,5704
0,40.801591,-73.931322,1 AV/E 125 ST,at stop,11402.08,5908
1,40.70521,-74.007356,WATER ST/WALL ST,at stop,682.4,5704
0,40.802905,-73.93183,E 126 ST/2 AV,approaching,11618.380000000001,5908
1,40.706012,-74.006206,WATER ST/FLETCHER ST,approaching,814.08,5704
0,40.706164,-74.005988,WATER ST/FLETCHER ST,at stop,839.0500000000001,5704
1,40.802905,-73.93183,E 126 ST/2 AV,approaching,11618.380000000001,5908
0,40.707315,-74.004263,PEARL ST/FULTON ST,approaching,1032.81,5704
1,40.802905,-73.93183,E 126 ST/2 AV,approaching,11618.380000000001,5908
0,40.802905,-73.93183,E 126 ST/2 AV,approaching,11618.380000000001,5908
1,40.707685,-74.003811,PEARL ST/PECK SLIP,< 1 stop away,1089.23,5704
0,40.708063,-74.00342,PEARL ST/PECK SLIP,approaching,1142.61,5704
0,40.709493,-74.001678,PEARL ST/R F WAGNER SR PL,approaching,1359.28,5704
0,40.710011,-74.001267,PEARL ST/R F WAGNER SR PL,approaching,1426.49,5704
0,40.710733,-74.000724,MADISON ST/ST JAMES PL,< 1 stop away,1518.89,5704
0,40.711709,-73.999764,MADISON ST/ST JAMES PL,approaching,1654.45,5704
0,40.711916,-73.998303,MADISON ST/CATHERINE ST,approaching,1782.66,5704
0,40.711955,-73.997927,MADISON ST/CATHERINE ST,approaching,1814.65,5704
0,40.711968,-73.997802,MADISON ST/CATHERINE ST,approaching,1825.3200000000002,5704
0,40.711968,-73.997802,MADISON ST/CATHERINE ST,approaching,1825.3200000000002,5704
0,40.712166,-73.99602,MADISON ST/MARKET ST,< 1 stop away,1977.2500000000002,5704
0,40.712298,-73.994483,MADISON ST/MARKET ST,approaching,2107.5600000000004,5704
0,40.712424,-73.992934,PIKE ST/MADISON ST,approaching,2238.92,5704
0,40.712912,-73.992352,PIKE ST/DIVISION ST,< 1 stop away,2343.25,5704
0,40.714022,-73.992514,PIKE ST/DIVISION ST,approaching,2467.53,5704
0,40.714336,-73.992561,ALLEN ST/GRAND ST,< 1 stop away,2502.6800000000003,5704
0,40.714316,-73.992558,ALLEN ST/GRAND ST,< 1 stop away,2500.3500000000004,5704
0,40.714316,-73.992558,ALLEN ST/GRAND ST,< 1 stop away,2500.3500000000004,5704
0,40.714316,-73.992558,ALLEN ST/GRAND ST,< 1 stop away,2500.3500000000004,5704
0,40.714503,-73.992586,ALLEN ST/GRAND ST,< 1 stop away,2521.3700000000003,5704
0,40.716452,-73.991668,ALLEN ST/GRAND ST,approaching,2752.57,5704
0,40.716922,-73.991428,ALLEN ST/GRAND ST,approaching,2808.6200000000003,5704
0,40.717411,-73.991177,ALLEN ST/DELANCEY ST,< 1 stop away,2867.0099999999998,5704
0,40.719388,-73.990161,ALLEN ST/DELANCEY ST,at stop,3102.89,5704
0,40.719603,-73.990049,ALLEN ST/STANTON ST,< 1 stop away,3128.58,5704
0,40.719583,-73.990059,ALLEN ST/DELANCEY ST,at stop,3126.24,5704
0,40.721115,-73.989271,ALLEN ST/STANTON ST,approaching,3309.14,5704
0,40.721808,-73.988934,ALLEN ST/STANTON ST,at stop,3391.2200000000003,5704
0,40.722191,-73.988795,1 AV/E 2 ST,< 1 stop away,3435.4500000000003,5704
0,40.722654,-73.988626,1 AV/E 2 ST,approaching,3488.8500000000004,5704
0,40.772657,-73.952453,1 AV/E 79 ST,at stop,7725.72,5912
1,40.722634,-73.988633,1 AV/E 2 ST,approaching,3486.53,5704
0,40.72349,-73.988296,1 AV/E 2 ST,at stop,3588.69,5704
1,40.775249,-73.950567,1 AV/E 86 ST,< 1 stop away,8054.71,5912
2,40.782251,-73.945446,1 AV/ E 97 ST,< 1 stop away,11056.519999999999,5263
0,40.777119,-73.949197,1 AV/E 86 ST,at stop,8292.55,5912
1,40.724368,-73.987658,1 AV / 4 ST,approaching,3700.07,5704
2,40.782451,-73.945299,1 AV/ E 97 ST,< 1 stop away,11082.009999999998,5263
0,40.724415,-73.987624,1 AV / 4 ST,approaching,3706.12,5704
1,40.779611,-73.947378,1 AV/E 93 ST,< 1 stop away,8609.17,5912
2,40.782719,-73.945104,1 AV/ E 97 ST,< 1 stop away,11115.99,5263
0,40.784226,-73.944011,1 AV/ E 97 ST,approaching,11307.16,5263
1,40.724487,-73.987572,1 AV / 4 ST,approaching,3715.19,5704
2,40.782551,-73.945225,1 AV/ E 97 ST,< 1 stop away,8982.990000000002,5912
0,40.725464,-73.986863,1 AV / 4 ST,at stop,3839.15,5704
1,40.78446,-73.94384,1 AV/ E 97 ST,approaching,11336.89,5263
2,40.782551,-73.945225,1 AV/ E 97 ST,< 1 stop away,8982.990000000002,5912
0,40.78446,-73.94384,1 AV/ E 97 ST,approaching,11336.89,5263
1,40.783021,-73.944887,1 AV/ E 97 ST,< 1 stop away,9042.470000000001,5912
2,40.725629,-73.986742,1 AV/ST MARKS PL,< 1 stop away,3860.1800000000003,5704
0,40.723213,-73.988487,1 AV/E 2 ST,approaching,1442.11,6059
1,40.783557,-73.944499,1 AV/ E 97 ST,approaching,9110.44,5912
2,40.785614,-73.942996,1 AV/E 102 ST,< 1 stop away,11483.63,5263
3,40.725629,-73.986742,1 AV/ST MARKS PL,< 1 stop away,3860.1800000000003,5704
0,40.784126,-73.944084,1 AV/ E 97 ST,approaching,9182.650000000001,5912
1,40.72463,-73.987468,1 AV / 4 ST,approaching,1621.5700000000002,6059
2,40.786123,-73.942624,1 AV/E 102 ST,< 1 stop away,11548.31,5263
3,40.725724,-73.986674,1 AV/ST MARKS PL,< 1 stop away,3872.1900000000005,5704
0,40.725464,-73.986863,1 AV / 4 ST,at stop,1727.39,6059
1,40.785221,-73.943285,1 AV/E 99 ST,at stop,9321.82,5912
2,40.726267,-73.986277,1 AV/ST MARKS PL,< 1 stop away,3941.2300000000005,5704
3,40.787438,-73.94166,1 AV/E 106 ST,< 1 stop away,11715.529999999999,5263
0,40.785392,-73.943159,1 AV/E 99 ST,at stop,9343.53,5912
1,40.726645,-73.986001,1 AV/ST MARKS PL,< 1 stop away,3989.26,5704
2,40.725653,-73.986725,1 AV/ST MARKS PL,< 1 stop away,1751.4199999999998,6059
3,40.787572,-73.941563,1 AV/E 106 ST,< 1 stop away,11732.47,5263
0,40.786863,-73.942083,1 AV/E 102 ST,approaching,9530.63,5912
1,40.72797,-73.985037,1 AV/E 11 ST,< 1 stop away,4157.53,5704
2,40.72596,-73.986501,1 AV/ST MARKS PL,< 1 stop away,1790.4499999999998,6059
3,40.787572,-73.941563,1 AV/E 106 ST,< 1 stop away,11732.47,5263
0,40.789238,-73.940347,1 AV/E 106 ST,approaching,11944.189999999999,5263
1,40.788505,-73.940881,1 AV/E 106 ST,< 1 stop away,9739.279999999999,5912
2,40.72809,-73.984951,1 AV/E 11 ST,< 1 stop away,4172.71,5704
3,40.72596,-73.986501,1 AV/ST MARKS PL,< 1 stop away,1790.4499999999998,6059
0,40.789838,-73.93991,1 AV/E 106 ST,at stop,9908.66,5912
1,40.729404,-73.983992,1 AV/E 11 ST,approaching,4339.65,5704
2,40.726551,-73.98607,1 AV/ST MARKS PL,< 1 stop away,1865.49,6059
3,40.790372,-73.939519,1 AV/E 108 ST,< 1 stop away,12088.25,5263
0,40.729643,-73.983818,1 AV/E 11 ST,at stop,4370.0,5704
1,40.726858,-73.985846,1 AV/ST MARKS PL,approaching,1904.52,6059
2,40.791841,-73.938444,1 AV/E 111 ST,< 1 stop away,12274.98,5263
3,40.790172,-73.939666,1 AV/E 108 ST,< 1 stop away,9951.050000000001,5912
0,40.727047,-73.985708,1 AV/ST MARKS PL,approaching,1928.53,6059
1,40.792077,-73.938273,1 AV/E 111 ST,approaching,12304.93,5263
2,40.790272,-73.939592,1 AV/E 108 ST,< 1 stop away,9963.77,5912
3,40.729881,-73.983644,1 AV/E 14 ST,< 1 stop away,4400.25,5704
0,40.792886,-73.937683,1 AV/E 111 ST,at stop,12407.630000000001,5263
1,40.792515,-73.937953,1 AV/E 111 ST,approaching,10248.81,5912
2,40.728425,-73.984708,1 AV/E 11 ST,< 1 stop away,2103.44,6059
3,40.730238,-73.983384,1 AV/E 14 ST,< 1 stop away,4445.620000000001,5704
0,40.729619,-73.983835,1 AV/E 11 ST,at stop,2255.21,6059
1,40.731547,-73.982429,1 AV/E 14 ST,approaching,4611.950000000001,5704
2,40.79511,-73.936058,1 AV/E 116 ST,< 1 stop away,12690.32,5263
3,40.794743,-73.936326,1 AV/E 116 ST,< 1 stop away,10531.92,5912
0,40.796346,-73.935158,1 AV/E 116 ST,at stop,12847.23,5263
1,40.796146,-73.935304,1 AV/E 116 ST,at stop,10710.029999999999,5912
2,40.731523,-73.982446,1 AV/E 14 ST,approaching,4608.93,5704
3,40.729857,-73.983662,1 AV/E 14 ST,< 1 stop away,2285.48,6059
0,40.731762,-73.982273,1 AV/E 14 ST,approaching,4639.17,5704
1,40.797711,-73.934155,1 AV/E 120 ST,< 1 stop away,13020.91,5263
2,40.797179,-73.934549,1 AV/E 120 ST,< 1 stop away,10841.369999999999,5912
3,40.73031,-73.983332,1 AV/E 14 ST,< 1 stop away,2342.94,6059
0,40.73297,-73.981392,1 AV/E 17 ST,at stop,4792.7,5704
1,40.799454,-73.932885,1 AV/PALADINO AV,approaching,13242.289999999999,5263
2,40.731118,-73.98274,1 AV/E 14 ST,approaching,2445.77,6059
3,40.797146,-73.934573,1 AV/E 120 ST,< 1 stop away,10837.14,5912
0,40.798871,-73.93331,1 AV/E 120 ST,at stop,13168.199999999999,5912
1,40.799726,-73.932687,1 AV/PALADINO AV,approaching,13276.77,5263
2,40.731118,-73.98274,1 AV/E 14 ST,approaching,2445.77,6059
3,40.733849,-73.980752,1 AV/E 20 ST,< 1 stop away,4904.299999999999,5704
0,40.800333,-73.932243,1 AV/PALADINO AV,at stop,13353.9,5912
1,40.734826,-73.98004,1 AV/E 20 ST,approaching,5028.41,5704
2,40.80113,-73.931663,1 AV/E 125 ST,approaching,13455.12,5263
0,40.801476,-73.931406,1 AV/E 125 ST,at stop,13499.28,5912
1,40.735152,-73.979802,1 AV/E 23 ST,< 1 stop away,5069.81,5704
2,40.801708,-73.931236,E 126 ST/2 AV,< 1 stop away,13528.740000000002,5263
0,40.802691,-73.931318,E 126 ST/2 AV,approaching,13680.85,5263
1,40.802503,-73.93088,E 126 ST/2 AV,approaching,13638.0,5912
2,40.735379,-73.979638,1 AV/E 23 ST,< 1 stop away,5098.64,5704
0,40.802691,-73.931318,E 126 ST/2 AV,approaching,13680.85,5263
1,40.802503,-73.93088,E 126 ST/2 AV,approaching,13638.0,5912
2,40.735359,-73.979653,1 AV/E 23 ST,< 1 stop away,5096.02,5704
3,40.701967,-74.012713,WATER ST/BROAD ST,< 1 stop away,64.00999999999996,5261
0,40.803092,-73.932276,E 126 ST/2 AV,at stop,13772.980000000001,5263
1,40.735772,-73.979353,1 AV/E 23 ST,< 1 stop away,5148.4400000000005,5704
2,40.702217,-74.012783,WATER ST/BROAD ST,< 1 stop away,92.43999999999997,5261
0,40.803092,-73.932276,E 126 ST/2 AV,at stop,11661.230000000001,5912
1,40.736742,-73.978647,1 AV/E 23 ST,approaching,5271.620000000001,5704
2,40.702574,-74.012554,WATER ST/BROAD ST,< 1 stop away,145.73999999999998,5261
3,40.714709,-73.992561,ALLEN ST/GRAND ST,< 1 stop away,2544.7200000000003,5618
0,40.803092,-73.932276,E 126 ST/2 AV,at stop,11661.230000000001,5912
1,40.736742,-73.978647,1 AV/E 23 ST,approaching,5271.620000000001,5704
2,40.703299,-74.010244,WATER ST/OLD SLIP,< 1 stop away,358.45,5261
3,40.714827,-73.992503,ALLEN ST/GRAND ST,< 1 stop away,2558.73,5618
0,40.803092,-73.932276,E 126 ST/2 AV,at stop,11661.230000000001,5912
1,40.705017,-74.007632,WATER ST/WALL ST,approaching,650.73,5261
2,40.71655,-73.991618,ALLEN ST/GRAND ST,approaching,2764.25,5618
3,40.737427,-73.978145,1 AV/E 25 ST,approaching,5358.74,5704
0,40.716883,-73.991448,ALLEN ST/GRAND ST,approaching,2803.9500000000003,5618
1,40.705081,-74.00754,WATER ST/WALL ST,approaching,661.29,5261
2,40.737858,-73.977829,1 AV/E 25 ST,approaching,5413.6,5704
0,40.716883,-73.991448,ALLEN ST/GRAND ST,approaching,2803.9500000000003,5618
1,40.705081,-74.00754,WATER ST/WALL ST,approaching,661.29,5261
2,40.737985,-73.977737,1 AV/E 25 ST,approaching,5429.73,5704
0,40.716883,-73.991448,ALLEN ST/GRAND ST,approaching,2803.9500000000003,5618
1,40.707315,-74.004263,PEARL ST/FULTON ST,approaching,1032.81,5261
2,40.737985,-73.977737,1 AV/E 25 ST,approaching,5429.73,5704
0,40.717039,-73.991368,ALLEN ST/GRAND ST,at stop,2822.6400000000003,5618
1,40.707315,-74.004263,PEARL ST/FULTON ST,approaching,1032.81,5261
2,40.739003,-73.976995,1 AV/E 27 ST,approaching,5559.02,5704
0,40.707335,-74.004231,PEARL ST/FULTON ST,approaching,1036.33,5261
1,40.739309,-73.976772,1 AV/E 27 ST,approaching,5597.88,5704
2,40.717763,-73.990996,ALLEN ST/DELANCEY ST,< 1 stop away,2909.0499999999997,5618
0,40.739335,-73.976754,1 AV/E 27 ST,approaching,5601.110000000001,5704
1,40.707711,-74.003785,PEARL ST/PECK SLIP,< 1 stop away,1092.79,5261
2,40.719622,-73.990039,ALLEN ST/STANTON ST,< 1 stop away,3130.9300000000003,5618
0,40.740306,-73.976046,1 AV/E 28 ST,approaching,5724.49,5704
1,40.708758,-74.002608,PEARL ST/PECK SLIP,approaching,1245.81,5261
2,40.719701,-73.989998,ALLEN ST/STANTON ST,< 1 stop away,3140.31,5618
0,40.741892,-73.974891,1 AV/E 31 ST,at stop,5925.89,5704
1,40.708896,-74.002433,PEARL ST/PECK SLIP,at stop,1267.17,5261
2,40.721509,-73.98907,ALLEN ST/STANTON ST,approaching,3356.04,5618
0,40.741943,-73.974854,1 AV/E 31 ST,at stop,5932.38,5704
1,40.708896,-74.002433,PEARL ST/PECK SLIP,at stop,1267.17,5261
2,40.722573,-73.988655,1 AV/E 2 ST,approaching,3479.5600000000004,5618
0,40.711825,-73.999224,MADISON ST/ST JAMES PL,at stop,1704.39,5261
1,40.74327,-73.973887,1 AV/E 34 ST,approaching,6100.929999999999,5704
2,40.722573,-73.988655,1 AV/E 2 ST,approaching,3479.5600000000004,5618
0,40.712035,-73.997175,MADISON ST/CATHERINE ST,at stop,1878.65,5261
1,40.744009,-73.973347,1 AV/E 34 ST,at stop,6194.92,5704
2,40.723991,-73.987931,1 AV / 4 ST,< 1 stop away,3652.29,5618
0,40.744009,-73.973347,1 AV/E 34 ST,at stop,6194.92,5704
1,40.724419,-73.987621,1 AV / 4 ST,approaching,3706.54,5618
2,40.712106,-73.996726,MADISON ST/MARKET ST,< 1 stop away,1917.38,5261
0,40.744112,-73.973273,1 AV/E 34 ST,at stop,6207.889999999999,5704
1,40.724472,-73.987583,1 AV / 4 ST,approaching,3713.33,5618
2,40.712135,-73.996394,MADISON ST/MARKET ST,< 1 stop away,1945.5600000000002,5261
0,40.74534,-73.972374,1 AV/E 36 ST,at stop,6364.06,5704
1,40.724472,-73.987583,1 AV / 4 ST,approaching,3713.33,5618
2,40.712159,-73.996103,MADISON ST/MARKET ST,< 1 stop away,1970.2100000000003,5261
0,40.712329,-73.99411,MADISON ST/MARKET ST,at stop,2139.26,5261
1,40.747027,-73.971141,1 AV/E 39 ST,at stop,6578.49,5704
2,40.725201,-73.987053,1 AV / 4 ST,approaching,1694.13,5830
3,40.725149,-73.987091,1 AV / 4 ST,approaching,3799.2200000000003,5618
0,40.712329,-73.99411,MADISON ST/MARKET ST,at stop,2139.26,5261
1,40.72622,-73.986312,1 AV/ST MARKS PL,< 1 stop away,1823.4699999999998,5830
2,40.747232,-73.970992,1 AV/E 42 ST,< 1 stop away,6604.46,5704
3,40.725523,-73.986819,1 AV/ST MARKS PL,< 1 stop away,3846.7200000000003,5618
0,40.712343,-73.993942,PIKE ST/MADISON ST,< 1 stop away,2153.5,5261
1,40.72622,-73.986312,1 AV/ST MARKS PL,< 1 stop away,1823.4699999999998,5830
2,40.747514,-73.970794,1 AV/E 42 ST,< 1 stop away,6640.07,5704
3,40.725684,-73.986702,1 AV/ST MARKS PL,< 1 stop away,3867.1900000000005,5618
0,40.758534,-73.96276,1 AV/E 57 ST,approaching,5931.27,6059
1,40.748959,-73.969677,1 AV/E 42 ST,approaching,6827.83,5704
2,40.72726,-73.985554,1 AV/ST MARKS PL,approaching,1955.55,5830
3,40.712408,-73.993144,PIKE ST/MADISON ST,approaching,2221.1200000000003,5261
4,40.725935,-73.98652,1 AV/ST MARKS PL,< 1 stop away,3899.0200000000004,5618
0,40.750564,-73.968498,1 AV/E 45 ST,at stop,7032.03,5704
1,40.7276,-73.985307,1 AV/ST MARKS PL,approaching,4110.51,5618
2,40.758598,-73.962713,1 AV/E 57 ST,approaching,5939.4400000000005,6059
3,40.712463,-73.99232,PIKE ST/MADISON ST,approaching,2290.8500000000004,5261
4,40.727946,-73.985055,1 AV/E 11 ST,< 1 stop away,2042.7300000000002,5830
0,40.712844,-73.992343,PIKE ST/MADISON ST,at stop,2335.76,5261
1,40.750643,-73.96844,1 AV/E 45 ST,at stop,7042.16,5704
2,40.758598,-73.962713,1 AV/E 57 ST,approaching,5939.4400000000005,6059
3,40.728042,-73.984985,1 AV/E 11 ST,< 1 stop away,2054.88,5830
4,40.729702,-73.983774,1 AV/E 14 ST,< 1 stop away,4377.56,5618
0,40.71422,-73.992544,PIKE ST/DIVISION ST,at stop,2489.6200000000003,5261
1,40.731198,-73.982682,1 AV/E 14 ST,approaching,4567.63,5618
2,40.760134,-73.961592,1 AV/E 62 ST,< 1 stop away,6134.64,6059
3,40.751068,-73.968128,1 AV/MITCHELL PL,< 1 stop away,7096.240000000001,5704
0,40.714201,-73.992541,PIKE ST/DIVISION ST,at stop,2487.5200000000004,5261
1,40.752826,-73.96685,1 AV/MITCHELL PL,approaching,7319.33,5704
2,40.731216,-73.982669,1 AV/E 14 ST,approaching,4569.900000000001,5618
3,40.760554,-73.961287,1 AV/E 62 ST,approaching,6187.91,6059
0,40.714201,-73.992541,PIKE ST/DIVISION ST,at stop,2487.5200000000004,5261
1,40.731662,-73.982346,1 AV/E 14 ST,approaching,4626.46,5618
2,40.760617,-73.961242,1 AV/E 62 ST,approaching,6195.900000000001,6059
3,40.753687,-73.966295,1 AV/E 52 ST,< 1 stop away,7427.34,5704
0,40.714201,-73.992541,PIKE ST/DIVISION ST,at stop,2487.5200000000004,5261
1,40.731697,-73.98232,1 AV/E 14 ST,approaching,4630.990000000001,5618
2,40.761099,-73.96089,1 AV/E 62 ST,approaching,6257.17,6059
3,40.75374,-73.966258,1 AV/E 52 ST,< 1 stop away,7434.0,5704
0,40.714201,-73.992541,PIKE ST/DIVISION ST,at stop,375.77,5261
1,40.76287,-73.9596,1 AV/E 64 ST,at stop,6482.08,6059
2,40.731964,-73.982125,1 AV/E 14 ST,at stop,4664.93,5618
3,40.75463,-73.965604,1 AV/E 52 ST,approaching,7547.21,5704
0,40.732329,-73.98186,1 AV/E 17 ST,approaching,4711.219999999999,5618
1,40.763246,-73.959324,1 AV/E 67 ST,< 1 stop away,6529.860000000001,6059
2,40.755496,-73.964974,1 AV/E 55 ST,< 1 stop away,7657.23,5704
3,40.714919,-73.992457,ALLEN ST/GRAND ST,< 1 stop away,457.87000000000006,5261
0,40.734968,-73.979935,1 AV/E 20 ST,at stop,5046.509999999999,5618
1,40.716931,-73.991423,ALLEN ST/GRAND ST,approaching,697.98,5261
2,40.763623,-73.959049,1 AV/E 67 ST,< 1 stop away,6577.780000000001,6059
3,40.75555,-73.964935,1 AV/E 55 ST,< 1 stop away,7663.99,5704
0,40.717072,-73.991351,ALLEN ST/GRAND ST,at stop,714.83,5261
1,40.763623,-73.959049,1 AV/E 67 ST,< 1 stop away,6577.780000000001,6059
2,40.756001,-73.964604,1 AV/E 55 ST,< 1 stop away,7721.43,5704
3,40.735503,-73.979548,1 AV/E 23 ST,< 1 stop away,5114.370000000001,5618
0,40.757251,-73.963692,1 AV/E 55 ST,at stop,7880.24,5704
1,40.76446,-73.958435,1 AV/E 67 ST,approaching,6684.27,6059
2,40.735524,-73.979533,1 AV/E 23 ST,< 1 stop away,5116.990000000001,5618
3,40.717933,-73.990908,ALLEN ST/DELANCEY ST,< 1 stop away,817.56,5261
0,40.764481,-73.95842,1 AV/E 67 ST,approaching,6686.93,6059
1,40.718916,-73.990401,ALLEN ST/DELANCEY ST,approaching,934.88,5261
2,40.757358,-73.963614,1 AV/E 57 ST,< 1 stop away,7893.8,5704
3,40.735524,-73.979533,1 AV/E 23 ST,< 1 stop away,5116.990000000001,5618
0,40.764481,-73.95842,1 AV/E 67 ST,approaching,6686.93,6059
1,40.718916,-73.990401,ALLEN ST/DELANCEY ST,approaching,3046.6299999999997,5261
2,40.737452,-73.978126,1 AV/E 25 ST,approaching,5361.97,5618
3,40.757358,-73.963614,1 AV/E 57 ST,< 1 stop away,7893.8,5704
0,40.71946,-73.990123,ALLEN ST/DELANCEY ST,at stop,3111.58,5261
1,40.765943,-73.957357,1 AV/E 70 ST,approaching,6872.47,6059
2,40.737477,-73.978108,1 AV/E 25 ST,approaching,5365.19,5618
3,40.757358,-73.963614,1 AV/E 57 ST,< 1 stop away,7893.8,5704
0,40.766734,-73.956779,1 AV/E 70 ST,at stop,6973.030000000001,6059
1,40.738138,-73.977626,1 AV/E 25 ST,approaching,5449.1,5618
2,40.758428,-73.962838,1 AV/E 57 ST,approaching,8029.58,5704
3,40.720025,-73.989831,ALLEN ST/STANTON ST,< 1 stop away,3179.04,5261
0,40.758481,-73.962799,1 AV/E 57 ST,approaching,8036.37,5704
1,40.739233,-73.976828,1 AV/E 27 ST,approaching,5588.16,5618
2,40.766986,-73.956592,1 AV/E 72 ST,approaching,7005.179999999999,6059
3,40.720202,-73.989739,ALLEN ST/STANTON ST,< 1 stop away,3200.17,5261
0,40.758535,-73.96276,1 AV/E 57 ST,approaching,8043.160000000001,5704
1,40.739309,-73.976772,1 AV/E 27 ST,approaching,5597.88,5618
2,40.767769,-73.956025,1 AV/E 72 ST,approaching,7104.41,6059
3,40.721495,-73.989077,ALLEN ST/STANTON ST,approaching,3354.36,5261
0,40.721495,-73.989077,ALLEN ST/STANTON ST,approaching,3354.36,5261
1,40.748781,-73.969808,1 AV/E 42 ST,approaching,4693.42,5830
2,40.739846,-73.976382,1 AV/E 28 ST,approaching,5665.98,5618
3,40.759839,-73.961803,1 AV/E 62 ST,< 1 stop away,8209.09,5704
4,40.768169,-73.955733,1 AV/E 75 ST,< 1 stop away,7155.28,6059
0,40.721854,-73.988917,ALLEN ST/STANTON ST,at stop,3396.6,5261
1,40.740383,-73.97599,1 AV/E 28 ST,at stop,5734.25,5618
2,40.748781,-73.969808,1 AV/E 42 ST,approaching,4693.42,5830
3,40.761016,-73.960952,1 AV/E 62 ST,approaching,8358.27,5704
4,40.768315,-73.955626,1 AV/E 75 ST,< 1 stop away,7173.85,6059
0,40.749061,-73.969603,1 AV/E 42 ST,at stop,4729.03,5830
1,40.761204,-73.960813,1 AV/E 62 ST,approaching,8382.24,5704
2,40.722364,-73.988731,1 AV/E 2 ST,approaching,3455.4300000000003,5261
3,40.740587,-73.97584,1 AV/E 31 ST,< 1 stop away,5760.25,5618
4,40.768607,-73.955412,1 AV/E 75 ST,< 1 stop away,7210.99,6059
0,40.761288,-73.960752,1 AV/E 62 ST,approaching,8392.9,5704
1,40.741611,-73.975096,1 AV/E 31 ST,approaching,5890.16,5618
2,40.770487,-73.954042,1 AV/E 77 ST,approaching,7449.76,6059
3,40.722655,-73.988625,1 AV/E 2 ST,approaching,3489.02,5261
4,40.751042,-73.968147,1 AV/MITCHELL PL,< 1 stop away,4981.110000000001,5830
0,40.752986,-73.966735,1 AV/MITCHELL PL,approaching,5227.860000000001,5830
1,40.722655,-73.988625,1 AV/E 2 ST,approaching,3489.02,5261
2,40.761748,-73.960416,1 AV/E 64 ST,< 1 stop away,8451.38,5704
3,40.771384,-73.953386,1 AV/E 79 ST,< 1 stop away,7563.84,6059
4,40.742351,-73.974557,1 AV/E 34 ST,< 1 stop away,5984.24,5618
0,40.723367,-73.988386,1 AV/E 2 ST,at stop,3573.01,5261
1,40.743677,-73.973588,1 AV/E 34 ST,approaching,6152.79,5618
2,40.761914,-73.960295,1 AV/E 64 ST,approaching,8472.48,5704
3,40.77151,-73.953295,1 AV/E 79 ST,approaching,7579.76,6059
4,40.753766,-73.966239,1 AV/E 52 ST,< 1 stop away,5325.57,5830
0,40.772178,-73.952805,1 AV/E 79 ST,approaching,7664.68,6059
1,40.743703,-73.973569,1 AV/E 34 ST,approaching,6156.03,5618
2,40.762413,-73.959933,1 AV/E 64 ST,approaching,8535.8,5704
3,40.724454,-73.987595,1 AV / 4 ST,approaching,3711.06,5261
4,40.753872,-73.966164,1 AV/E 52 ST,< 1 stop away,5338.89,5830
0,40.772553,-73.952529,1 AV/E 79 ST,at stop,7712.45,6059
1,40.743703,-73.973569,1 AV/E 34 ST,approaching,6156.03,5618
2,40.763791,-73.958927,1 AV/E 67 ST,approaching,8710.83,5704
3,40.726418,-73.986167,1 AV/ST MARKS PL,< 1 stop away,3960.4200000000005,5261
4,40.755603,-73.964897,1 AV/E 55 ST,< 1 stop away,5558.99,5830
0,40.745008,-73.972619,1 AV/E 36 ST,approaching,6321.75,5618
1,40.764439,-73.95845,1 AV/E 67 ST,approaching,8793.35,5704
2,40.756719,-73.96408,1 AV/E 55 ST,approaching,5700.9,5830
3,40.727976,-73.985034,1 AV/E 11 ST,< 1 stop away,4158.18,5261
4,40.77289,-73.952281,1 AV/E 82 ST,< 1 stop away,7755.36,6059
0,40.745033,-73.9726,1 AV/E 36 ST,approaching,6325.01,5618
1,40.764481,-73.95842,1 AV/E 67 ST,approaching,8798.68,5704
2,40.756719,-73.96408,1 AV/E 55 ST,approaching,5700.9,5830
3,40.728065,-73.984969,1 AV/E 11 ST,< 1 stop away,4169.49,5261
4,40.772975,-73.952219,1 AV/E 82 ST,< 1 stop away,7766.14,6059
0,40.774482,-73.951123,1 AV/E 82 ST,at stop,7957.46,6059
1,40.745033,-73.9726,1 AV/E 36 ST,approaching,6325.01,5618
2,40.729328,-73.984047,1 AV/E 11 ST,approaching,4330.07,5261
3,40.76561,-73.9576,1 AV/E 70 ST,approaching,8941.890000000001,5704
4,40.757571,-73.963457,1 AV/E 57 ST,< 1 stop away,5809.21,5830
0,40.766734,-73.956779,1 AV/E 70 ST,at stop,9084.79,5704
1,40.774525,-73.951092,1 AV/E 82 ST,at stop,7962.85,6059
2,40.722637,-73.988632,1 AV/E 2 ST,approaching,1375.17,6055
3,40.757866,-73.963244,1 AV/E 57 ST,approaching,5846.55,5830
4,40.746057,-73.971853,1 AV/E 39 ST,approaching,6455.03,5618
5,40.729809,-73.983697,1 AV/E 14 ST,< 1 stop away,4391.14,5261
0,40.774567,-73.951061,1 AV/E 82 ST,at stop,7968.24,6059
1,40.758748,-73.962604,1 AV/E 57 ST,at stop,5958.56,5830
2,40.722637,-73.988632,1 AV/E 2 ST,approaching,1375.17,6055
3,40.746057,-73.971853,1 AV/E 39 ST,approaching,6455.03,5618
4,40.766923,-73.956639,1 AV/E 72 ST,approaching,9108.89,5704
5,40.729898,-73.983632,1 AV/E 14 ST,< 1 stop away,4402.450000000001,5261
0,40.722728,-73.988599,1 AV/E 2 ST,approaching,1385.67,6055
1,40.766923,-73.956639,1 AV/E 72 ST,approaching,9108.89,5704
2,40.749343,-73.969395,1 AV/E 45 ST,< 1 stop away,6876.67,5618
3,40.730379,-73.983281,1 AV/E 14 ST,< 1 stop away,4463.54,5261
4,40.774695,-73.950969,1 AV/E 86 ST,< 1 stop away,7984.44,6059
5,40.759002,-73.962417,1 AV/E 62 ST,< 1 stop away,5990.79,5830
0,40.731608,-73.982385,1 AV/E 14 ST,approaching,4619.68,5261
1,40.767155,-73.956468,1 AV/E 72 ST,approaching,9138.39,5704
2,40.749369,-73.969376,1 AV/E 45 ST,< 1 stop away,6880.04,5618
3,40.72392,-73.987983,1 AV / 4 ST,< 1 stop away,1531.49,6055
4,40.759274,-73.962218,1 AV/E 62 ST,< 1 stop away,6025.42,5830
5,40.774695,-73.950969,1 AV/E 86 ST,< 1 stop away,7984.44,6059
0,40.731644,-73.982359,1 AV/E 14 ST,approaching,4624.200000000001,5261
1,40.776566,-73.949601,1 AV/E 86 ST,approaching,8222.28,6059
2,40.724365,-73.98766,1 AV / 4 ST,approaching,1588.0,6055
3,40.749369,-73.969376,1 AV/E 45 ST,< 1 stop away,6880.04,5618
4,40.760197,-73.961546,1 AV/E 62 ST,< 1 stop away,6142.63,5830
5,40.768169,-73.955733,1 AV/E 75 ST,< 1 stop away,9267.03,5704
0,40.777098,-73.949212,1 AV/E 86 ST,at stop,8289.85,6059
1,40.731644,-73.982359,1 AV/E 14 ST,approaching,4624.200000000001,5261
2,40.724365,-73.98766,1 AV / 4 ST,approaching,1588.0,6055
3,40.768774,-73.95529,1 AV/E 75 ST,< 1 stop away,9343.97,5704
4,40.760302,-73.96147,1 AV/E 62 ST,< 1 stop away,6155.950000000001,5830
5,40.751281,-73.967972,1 AV/MITCHELL PL,< 1 stop away,7123.280000000001,5618
0,40.777098,-73.949212,1 AV/E 86 ST,at stop,8289.85,6059
1,40.731929,-73.982151,1 AV/E 14 ST,at stop,4660.410000000001,5261
2,40.724437,-73.987608,1 AV / 4 ST,approaching,1597.04,6055
3,40.768795,-73.955275,1 AV/E 75 ST,< 1 stop away,9346.62,5704
4,40.760281,-73.961485,1 AV/E 62 ST,< 1 stop away,6153.280000000001,5830
5,40.751254,-73.967991,1 AV/MITCHELL PL,< 1 stop away,7119.900000000001,5618
0,40.733177,-73.981242,1 AV/E 17 ST,at stop,4818.98,5261
1,40.725273,-73.987,1 AV / 4 ST,at stop,1703.28,6055
2,40.778527,-73.948171,1 AV/E 89 ST,approaching,8471.36,6059
3,40.770383,-73.954118,1 AV/E 77 ST,approaching,9548.25,5704
4,40.760638,-73.961227,1 AV/E 62 ST,approaching,6198.570000000001,5830
5,40.752185,-73.967311,1 AV/MITCHELL PL,< 1 stop away,7238.200000000001,5618
0,40.734582,-73.980219,1 AV/E 20 ST,approaching,4997.379999999999,5261
1,40.76089,-73.961044,1 AV/E 62 ST,approaching,6230.530000000001,5830
2,40.771384,-73.953386,1 AV/E 79 ST,< 1 stop away,9675.59,5704
3,40.752185,-73.967311,1 AV/MITCHELL PL,< 1 stop away,7238.200000000001,5618
4,40.725559,-73.986793,1 AV/ST MARKS PL,< 1 stop away,1739.51,6055
5,40.779081,-73.947766,1 AV/E 93 ST,< 1 stop away,8541.8,6059
0,40.734704,-73.98013,1 AV/E 20 ST,approaching,5012.889999999999,5261
1,40.772032,-73.952913,1 AV/E 79 ST,approaching,9757.849999999999,5704
2,40.76089,-73.961044,1 AV/E 62 ST,approaching,6230.530000000001,5830
3,40.753687,-73.966295,1 AV/E 52 ST,< 1 stop away,7427.34,5618
4,40.725649,-73.986728,1 AV/ST MARKS PL,< 1 stop away,1750.8799999999999,6055
5,40.779293,-73.947611,1 AV/E 93 ST,< 1 stop away,8568.75,6059
0,40.761288,-73.960752,1 AV/E 62 ST,approaching,6281.150000000001,5830
1,40.772032,-73.952913,1 AV/E 79 ST,approaching,9757.849999999999,5704
2,40.780248,-73.946914,1 AV/E 93 ST,< 1 stop away,8690.019999999999,6059
3,40.753845,-73.966182,1 AV/E 52 ST,< 1 stop away,7447.320000000001,5618
4,40.726239,-73.986298,1 AV/ST MARKS PL,< 1 stop away,1825.9199999999998,6055
5,40.735255,-73.979727,1 AV/E 23 ST,< 1 stop away,5082.910000000001,5261
0,40.781583,-73.945935,1 AV/E 93 ST,at stop,8859.8,6059
1,40.772637,-73.952468,1 AV/E 79 ST,at stop,9834.82,5704
2,40.727708,-73.985228,1 AV/ST MARKS PL,at stop,2012.3999999999999,6055
3,40.754551,-73.965662,1 AV/E 52 ST,approaching,7537.22,5618
4,40.761935,-73.96028,1 AV/E 64 ST,approaching,6363.36,5830
5,40.735338,-73.979668,1 AV/E 23 ST,< 1 stop away,5093.400000000001,5261
0,40.772637,-73.952468,1 AV/E 79 ST,at stop,9834.82,5704
1,40.762081,-73.960174,1 AV/E 64 ST,approaching,6381.83,5830
2,40.756346,-73.96435,1 AV/E 55 ST,approaching,7765.36,5618
3,40.735441,-73.979593,1 AV/E 23 ST,< 1 stop away,5106.5,5261
4,40.727976,-73.985034,1 AV/E 11 ST,< 1 stop away,2046.42,6055
5,40.781783,-73.945789,1 AV/ E 97 ST,< 1 stop away,8885.28,6059
0,40.762725,-73.959706,1 AV/E 64 ST,approaching,6463.61,5830
1,40.756346,-73.96435,1 AV/E 55 ST,approaching,7765.36,5618
2,40.728065,-73.984969,1 AV/E 11 ST,< 1 stop away,2057.73,6055
3,40.735441,-73.979593,1 AV/E 23 ST,< 1 stop away,5106.5,5261
4,40.77289,-73.952281,1 AV/E 82 ST,< 1 stop away,9867.109999999999,5704
5,40.781783,-73.945789,1 AV/ E 97 ST,< 1 stop away,8885.28,6059
0,40.774355,-73.951216,1 AV/E 82 ST,approaching,10053.039999999999,5704
1,40.729151,-73.984178,1 AV/E 11 ST,approaching,2195.69,6055
2,40.756346,-73.96435,1 AV/E 55 ST,approaching,7765.36,5618
3,40.737401,-73.978164,1 AV/E 25 ST,approaching,5355.51,5261
4,40.763246,-73.959324,1 AV/E 67 ST,< 1 stop away,6529.860000000001,5830
5,40.783021,-73.944887,1 AV/ E 97 ST,< 1 stop away,9042.470000000001,6059
6,40.701481,-74.012556,WATER ST/BROAD ST,< 1 stop away,8.359999999999957,6035
0,40.784159,-73.94406,1 AV/ E 97 ST,approaching,9186.900000000001,6059
1,40.756346,-73.96435,1 AV/E 55 ST,approaching,7765.36,5618
2,40.737427,-73.978145,1 AV/E 25 ST,approaching,5358.74,5261
3,40.763246,-73.959324,1 AV/E 67 ST,< 1 stop away,6529.860000000001,5830
4,40.701529,-74.012572,WATER ST/BROAD ST,< 1 stop away,13.899999999999977,6035
5,40.774908,-73.950814,1 AV/E 86 ST,< 1 stop away,10123.23,5704
6,40.729685,-73.983787,1 AV/E 14 ST,< 1 stop away,2263.55,6055
0,40.738977,-73.977013,1 AV/E 27 ST,approaching,5555.780000000001,5261
1,40.763392,-73.959216,1 AV/E 67 ST,< 1 stop away,6548.49,5830
2,40.702209,-74.012781,WATER ST/BROAD ST,< 1 stop away,91.48999999999998,6035
3,40.774908,-73.950814,1 AV/E 86 ST,< 1 stop away,10123.23,5704
4,40.759316,-73.962187,1 AV/E 62 ST,< 1 stop away,8142.5,5618
5,40.729809,-73.983697,1 AV/E 14 ST,< 1 stop away,2279.39,6055
0,40.764586,-73.958342,1 AV/E 67 ST,approaching,6700.24,5830
1,40.739284,-73.976791,1 AV/E 27 ST,approaching,5594.64,5261
2,40.702865,-74.011832,WATER ST/BROAD ST,approaching,216.18999999999997,6035
3,40.776077,-73.949958,1 AV/E 86 ST,approaching,10271.88,5704
4,40.760218,-73.961531,1 AV/E 62 ST,< 1 stop away,8257.04,5618
5,40.730183,-73.983424,1 AV/E 14 ST,< 1 stop away,2326.9,6055
0,40.777162,-73.949166,1 AV/E 86 ST,at stop,10409.72,5704
1,40.739309,-73.976772,1 AV/E 27 ST,approaching,5597.88,5261
2,40.731537,-73.982436,1 AV/E 14 ST,approaching,2498.88,6055
3,40.765797,-73.957464,1 AV/E 70 ST,approaching,6853.950000000001,5830
4,40.703559,-74.009775,WATER ST/OLD SLIP,approaching,407.93,6035
5,40.760575,-73.961272,1 AV/E 62 ST,approaching,8302.33,5618
0,40.777162,-73.949166,1 AV/E 86 ST,at stop,10409.72,5704
1,40.739309,-73.976772,1 AV/E 27 ST,approaching,5597.88,5261
2,40.73159,-73.982398,1 AV/E 14 ST,approaching,2505.66,6055
3,40.761079,-73.960906,1 AV/E 62 ST,approaching,8366.26,5618
4,40.704574,-74.008268,WATER ST/WALL ST,approaching,577.92,6035
5,40.766923,-73.956639,1 AV/E 72 ST,approaching,6997.139999999999,5830
0,40.777162,-73.949166,1 AV/E 86 ST,at stop,10409.72,5704
1,40.761455,-73.960629,1 AV/E 62 ST,at stop,8414.210000000001,5618
2,40.731911,-73.982164,1 AV/E 14 ST,at stop,2546.39,6055
3,40.739309,-73.976772,1 AV/E 27 ST,approaching,5597.88,5261
4,40.704641,-74.00817,WATER ST/WALL ST,approaching,589.0799999999999,6035
5,40.767134,-73.956484,1 AV/E 72 ST,approaching,7023.96,5830
0,40.777183,-73.94915,1 AV/E 86 ST,at stop,10412.42,5704
1,40.705321,-74.007195,WATER ST/WALL ST,at stop,700.73,6035
2,40.761476,-73.960613,1 AV/E 62 ST,at stop,8416.87,5618
3,40.731911,-73.982164,1 AV/E 14 ST,at stop,2546.39,6055
4,40.740997,-73.975543,1 AV/E 31 ST,approaching,5812.21,5261
5,40.768148,-73.955748,1 AV/E 75 ST,< 1 stop away,7152.62,5830
0,40.741841,-73.974929,1 AV/E 31 ST,at stop,5919.39,5261
1,40.778869,-73.947923,1 AV/E 89 ST,at stop,10626.470000000001,5704
2,40.761831,-73.960355,1 AV/E 64 ST,approaching,8461.93,5618
3,40.705406,-74.007074,WATER ST/FLETCHER ST,< 1 stop away,714.6400000000001,6035
4,40.733645,-73.9809,1 AV/E 20 ST,< 1 stop away,2766.69,6055
5,40.768336,-73.95561,1 AV/E 75 ST,< 1 stop away,7176.5,5830
0,40.741841,-73.974929,1 AV/E 31 ST,at stop,5919.39,5261
1,40.705694,-74.006662,WATER ST/FLETCHER ST,approaching,761.9100000000001,6035
2,40.734297,-73.980426,1 AV/E 20 ST,approaching,2849.43,6055
3,40.761831,-73.960355,1 AV/E 64 ST,approaching,8461.93,5618
4,40.768503,-73.955488,1 AV/E 75 ST,< 1 stop away,7197.73,5830
5,40.77923,-73.947657,1 AV/E 93 ST,< 1 stop away,10672.41,5704
0,40.707107,-74.004596,PEARL ST/FULTON ST,approaching,996.52,6035
1,40.734297,-73.980426,1 AV/E 20 ST,approaching,2849.43,6055
2,40.768962,-73.955153,1 AV/E 75 ST,approaching,7256.1,5830
3,40.761831,-73.960355,1 AV/E 64 ST,approaching,8461.93,5618
4,40.779993,-73.9471,1 AV/E 93 ST,< 1 stop away,10769.429999999998,5704
5,40.742096,-73.974742,1 AV/E 34 ST,< 1 stop away,5951.83,5261
0,40.734521,-73.980263,1 AV/E 20 ST,approaching,2877.87,6055
1,40.770216,-73.95424,1 AV/E 77 ST,approaching,7415.27,5830
2,40.780503,-73.946729,1 AV/E 93 ST,approaching,10834.109999999999,5704
3,40.742607,-73.974371,1 AV/E 34 ST,< 1 stop away,6016.66,5261
4,40.707624,-74.003875,PEARL ST/PECK SLIP,< 1 stop away,1080.54,6035
5,40.763078,-73.959447,1 AV/E 67 ST,< 1 stop away,8620.31,5618
0,40.743907,-73.973421,1 AV/E 34 ST,approaching,6181.96,5261
1,40.764168,-73.958651,1 AV/E 67 ST,approaching,8758.74,5618
2,40.770404,-73.954103,1 AV/E 77 ST,approaching,7439.150000000001,5830
3,40.707644,-74.003854,PEARL ST/PECK SLIP,< 1 stop away,1083.31,6035
4,40.735379,-73.979638,1 AV/E 23 ST,< 1 stop away,2986.89,6055
5,40.781694,-73.945854,1 AV/ E 97 ST,< 1 stop away,10985.65,5704
0,40.744061,-73.97331,1 AV/E 34 ST,at stop,6201.4,5261
1,40.764168,-73.958651,1 AV/E 67 ST,approaching,8758.74,5618
2,40.770404,-73.954103,1 AV/E 77 ST,approaching,7439.150000000001,5830
3,40.708114,-74.003365,PEARL ST/PECK SLIP,approaching,1149.87,6035
4,40.735379,-73.979638,1 AV/E 23 ST,< 1 stop away,2986.89,6055
5,40.781694,-73.945854,1 AV/ E 97 ST,< 1 stop away,10985.65,5704
0,40.764607,-73.958327,1 AV/E 67 ST,approaching,8814.65,5618
1,40.708747,-74.002622,PEARL ST/PECK SLIP,approaching,1244.15,6035
2,40.736102,-73.979112,1 AV/E 23 ST,approaching,3078.62,6055
3,40.744342,-73.973105,1 AV/E 36 ST,approaching,6237.14,5261
4,40.771552,-73.953265,1 AV/E 79 ST,approaching,7585.070000000001,5830
5,40.781879,-73.94572,1 AV/ E 97 ST,< 1 stop away,11009.14,5704
0,40.745264,-73.972431,1 AV/E 36 ST,at stop,6354.3,5261
1,40.736721,-73.978662,1 AV/E 23 ST,approaching,3157.25,6055
2,40.772199,-73.95279,1 AV/E 79 ST,approaching,7667.34,5830
3,40.709067,-74.002207,PEARL ST/R F WAGNER SR PL,< 1 stop away,1294.08,6035
4,40.765359,-73.957782,1 AV/E 70 ST,< 1 stop away,8910.140000000001,5618
5,40.783211,-73.94475,1 AV/ E 97 ST,< 1 stop away,11178.259999999998,5704
0,40.785153,-73.943335,1 AV/E 99 ST,approaching,11424.960000000001,5704
1,40.772324,-73.952698,1 AV/E 79 ST,approaching,7683.26,5830
2,40.736721,-73.978662,1 AV/E 23 ST,approaching,3157.25,6055
3,40.766839,-73.956701,1 AV/E 72 ST,< 1 stop away,9098.16,5618
4,40.709067,-74.002207,PEARL ST/R F WAGNER SR PL,< 1 stop away,1294.08,6035
5,40.747461,-73.970824,1 AV/E 42 ST,< 1 stop away,6633.599999999999,5261
0,40.709932,-74.00133,PEARL ST/R F WAGNER SR PL,approaching,1416.2,6035
1,40.767663,-73.956102,1 AV/E 72 ST,approaching,9202.75,5618
2,40.748654,-73.969901,1 AV/E 42 ST,approaching,6788.98,5261
3,40.737376,-73.978182,1 AV/E 25 ST,approaching,3240.5299999999997,6055
4,40.772721,-73.952406,1 AV/E 82 ST,< 1 stop away,7733.8,5830
5,40.78548,-73.943094,1 AV/E 102 ST,< 1 stop away,11466.609999999999,5704
0,40.767748,-73.956041,1 AV/E 72 ST,approaching,9213.48,5618
1,40.709953,-74.001313,PEARL ST/R F WAGNER SR PL,approaching,1418.98,6035
2,40.748679,-73.969883,1 AV/E 42 ST,approaching,4680.47,5261
3,40.773867,-73.951572,1 AV/E 82 ST,approaching,7879.32,5830
4,40.737452,-73.978126,1 AV/E 25 ST,approaching,3250.2099999999996,6055
5,40.78548,-73.943094,1 AV/E 102 ST,< 1 stop away,11466.609999999999,5704
0,40.737452,-73.978126,1 AV/E 25 ST,approaching,3250.2099999999996,6055
1,40.749316,-73.969415,1 AV/E 45 ST,< 1 stop away,4761.54,5261
2,40.710583,-74.000836,MADISON ST/ST JAMES PL,< 1 stop away,1499.8100000000002,6035
3,40.785583,-73.943019,1 AV/E 102 ST,< 1 stop away,11479.6,5704
4,40.768211,-73.955702,1 AV/E 75 ST,< 1 stop away,9272.33,5618
5,40.774865,-73.950845,1 AV/E 86 ST,< 1 stop away,8006.0599999999995,5830
0,40.738493,-73.977366,1 AV/E 25 ST,at stop,3382.5099999999998,6055
1,40.769673,-73.954636,1 AV/E 75 ST,approaching,9458.05,5618
2,40.711686,-73.999785,MADISON ST/ST JAMES PL,approaching,1651.3200000000002,6035
3,40.749316,-73.969415,1 AV/E 45 ST,< 1 stop away,4761.54,5261
4,40.774972,-73.950768,1 AV/E 86 ST,< 1 stop away,8019.57,5830
5,40.787409,-73.941682,1 AV/E 106 ST,< 1 stop away,11711.8,5704
0,40.739054,-73.976958,1 AV/E 27 ST,approaching,3453.75,6055
1,40.711942,-73.99805,MADISON ST/CATHERINE ST,approaching,1804.17,6035
2,40.776268,-73.949818,1 AV/E 86 ST,approaching,8184.44,5830
3,40.771489,-73.95331,1 AV/E 79 ST,approaching,9688.849999999999,5618
4,40.749316,-73.969415,1 AV/E 45 ST,< 1 stop away,4761.54,5261
5,40.787558,-73.941573,1 AV/E 106 ST,< 1 stop away,11730.76,5704
0,40.750643,-73.96844,1 AV/E 45 ST,at stop,4930.41,5261
1,40.739258,-73.976809,1 AV/E 27 ST,approaching,3479.6499999999996,6055
2,40.711945,-73.998018,MADISON ST/CATHERINE ST,approaching,1806.93,6035
3,40.771636,-73.953204,1 AV/E 79 ST,approaching,9707.429999999998,5618
4,40.777289,-73.949072,1 AV/E 89 ST,< 1 stop away,8314.210000000001,5830
5,40.78767,-73.941491,1 AV/E 106 ST,< 1 stop away,11744.98,5704
0,40.712032,-73.997208,MADISON ST/CATHERINE ST,at stop,1875.89,6035
1,40.772553,-73.952529,1 AV/E 79 ST,at stop,9824.199999999999,5618
2,40.740357,-73.976009,1 AV/E 28 ST,at stop,3619.2299999999996,6055
3,40.789611,-73.940076,1 AV/E 106 ST,approaching,11991.46,5704
4,40.778228,-73.948388,1 AV/E 89 ST,approaching,8433.43,5830
5,40.752105,-73.967368,1 AV/MITCHELL PL,< 1 stop away,5116.31,5261
0,40.740357,-73.976009,1 AV/E 28 ST,at stop,3619.2299999999996,6055
1,40.712237,-73.995188,MADISON ST/MARKET ST,approaching,2047.7700000000002,6035
2,40.778207,-73.948403,1 AV/E 89 ST,approaching,8430.720000000001,5830
3,40.752105,-73.967368,1 AV/MITCHELL PL,< 1 stop away,5116.31,5261
4,40.789908,-73.939858,1 AV/E 108 ST,< 1 stop away,12029.300000000001,5704
5,40.772721,-73.952406,1 AV/E 82 ST,< 1 stop away,9845.55,5618
0,40.712324,-73.994175,MADISON ST/MARKET ST,at stop,2133.71,6035
1,40.778207,-73.948403,1 AV/E 89 ST,approaching,8430.720000000001,5830
2,40.792228,-73.938163,1 AV/E 111 ST,approaching,12324.08,5704
3,40.740638,-73.975803,1 AV/E 31 ST,< 1 stop away,3654.98,6055
4,40.753819,-73.966201,1 AV/E 52 ST,< 1 stop away,5332.2300000000005,5261
5,40.772996,-73.952203,1 AV/E 82 ST,< 1 stop away,9880.589999999998,5618
0,40.741841,-73.974929,1 AV/E 31 ST,at stop,3807.63,6055
1,40.773867,-73.951572,1 AV/E 82 ST,approaching,9991.07,5618
2,40.712389,-73.993381,PIKE ST/MADISON ST,approaching,2201.02,6035
3,40.754028,-73.966048,1 AV/E 52 ST,< 1 stop away,5358.87,5261
4,40.794454,-73.936537,1 AV/E 116 ST,< 1 stop away,12606.92,5704
5,40.779251,-73.947642,1 AV/E 93 ST,< 1 stop away,8563.359999999999,5830
0,40.741943,-73.974854,1 AV/E 31 ST,at stop,3820.62,6055
1,40.71243,-73.992851,PIKE ST/MADISON ST,approaching,2245.94,6035
2,40.756134,-73.964506,1 AV/E 55 ST,approaching,5626.57,5261
3,40.780163,-73.946976,1 AV/E 93 ST,< 1 stop away,8679.24,5830
4,40.794417,-73.936564,1 AV/E 116 ST,< 1 stop away,12602.21,5704
5,40.774822,-73.950876,1 AV/E 86 ST,< 1 stop away,10112.41,5618
0,40.777162,-73.949166,1 AV/E 86 ST,at stop,10409.72,5618
1,40.741943,-73.974854,1 AV/E 31 ST,at stop,3820.62,6055
2,40.712427,-73.992884,PIKE ST/MADISON ST,approaching,2243.13,6035
3,40.795418,-73.935834,1 AV/E 116 ST,approaching,12729.43,5704
4,40.757438,-73.963555,1 AV/E 57 ST,< 1 stop away,5792.2300000000005,5261
5,40.781805,-73.945774,1 AV/ E 97 ST,< 1 stop away,8887.980000000001,5830
0,40.796309,-73.935185,1 AV/E 116 ST,at stop,12842.52,5704
1,40.712819,-73.992339,PIKE ST/MADISON ST,at stop,2332.96,6035
2,40.757571,-73.963457,1 AV/E 57 ST,< 1 stop away,5809.21,5261
3,40.777247,-73.949103,1 AV/E 89 ST,< 1 stop away,10420.550000000001,5618
4,40.742071,-73.974761,1 AV/E 34 ST,< 1 stop away,3836.8399999999997,6055
5,40.781916,-73.945693,1 AV/ E 97 ST,< 1 stop away,8902.08,5830
0,40.796309,-73.935185,1 AV/E 116 ST,at stop,12842.52,5704
1,40.757919,-73.963205,1 AV/E 57 ST,approaching,5853.33,5261
2,40.713207,-73.992391,PIKE ST/DIVISION ST,approaching,2376.3300000000004,6035
3,40.743041,-73.974055,1 AV/E 34 ST,approaching,3960.0099999999998,6055
4,40.77778,-73.948713,1 AV/E 89 ST,< 1 stop away,10488.29,5618
5,40.783396,-73.944616,1 AV/ E 97 ST,< 1 stop away,9089.990000000002,5830
0,40.714239,-73.992546,PIKE ST/DIVISION ST,at stop,2491.7200000000003,6035
1,40.758668,-73.962662,1 AV/E 57 ST,at stop,5948.38,5261
2,40.74355,-73.973681,1 AV/E 34 ST,approaching,4024.8299999999995,6055
3,40.77778,-73.948713,1 AV/E 89 ST,< 1 stop away,10488.29,5618
4,40.783396,-73.944616,1 AV/ E 97 ST,< 1 stop away,9089.990000000002,5830
5,40.796532,-73.935022,1 AV/E 120 ST,< 1 stop away,12870.83,5704
0,40.714239,-73.992546,PIKE ST/DIVISION ST,at stop,2491.7200000000003,6035
1,40.74355,-73.973681,1 AV/E 34 ST,approaching,4024.8299999999995,6055
2,40.796978,-73.934697,1 AV/E 120 ST,< 1 stop away,12927.47,5704
3,40.779442,-73.947502,1 AV/E 93 ST,< 1 stop away,10699.359999999999,5618
4,40.758918,-73.962479,1 AV/E 62 ST,< 1 stop away,5980.13,5261
0,40.744061,-73.97331,1 AV/E 34 ST,at stop,4089.6499999999996,6055
1,40.781222,-73.946199,1 AV/E 93 ST,approaching,10925.74,5618
2,40.799508,-73.932846,1 AV/PALADINO AV,approaching,13249.09,5704
3,40.715413,-73.992204,ALLEN ST/GRAND ST,< 1 stop away,2628.59,6035
4,40.758918,-73.962479,1 AV/E 62 ST,< 1 stop away,5980.13,5261
0,40.744061,-73.97331,1 AV/E 34 ST,at stop,4089.6499999999996,6055
1,40.716913,-73.991432,ALLEN ST/GRAND ST,approaching,2807.6200000000003,6035
2,40.784025,-73.944158,1 AV/ E 97 ST,approaching,11281.619999999999,5618
3,40.800444,-73.932162,1 AV/E 125 ST,approaching,13368.03,5704
4,40.759504,-73.962049,1 AV/E 62 ST,< 1 stop away,6054.72,5261
0,40.801624,-73.931298,1 AV/E 125 ST,at stop,13518.03,5704
1,40.717037,-73.991369,ALLEN ST/GRAND ST,at stop,2822.36,6035
2,40.760722,-73.961166,1 AV/E 62 ST,approaching,6209.22,5261
3,40.744214,-73.973198,1 AV/E 36 ST,approaching,4109.110000000001,6055
0,40.717037,-73.991369,ALLEN ST/GRAND ST,at stop,2822.36,6035
1,40.761413,-73.96066,1 AV/E 62 ST,at stop,6297.13,5261
2,40.744675,-73.972862,1 AV/E 36 ST,approaching,4167.6900000000005,6055
3,40.801641,-73.931286,E 126 ST/2 AV,< 1 stop away,13520.17,5704
0,40.761393,-73.960675,1 AV/E 62 ST,approaching,6294.46,5261
1,40.718319,-73.990709,ALLEN ST/DELANCEY ST,approaching,2975.3999999999996,6035
2,40.802352,-73.930992,E 126 ST/2 AV,< 1 stop away,13618.720000000001,5704
3,40.745826,-73.972019,1 AV/E 39 ST,< 1 stop away,4314.030000000001,6055
0,40.746797,-73.97131,1 AV/E 39 ST,approaching,4437.490000000001,6055
1,40.76179,-73.960385,1 AV/E 64 ST,< 1 stop away,6344.889999999999,5261
2,40.719672,-73.990014,ALLEN ST/STANTON ST,< 1 stop away,3136.8,6035
0,40.746797,-73.97131,1 AV/E 39 ST,approaching,4437.490000000001,6055
1,40.763267,-73.959309,1 AV/E 67 ST,< 1 stop away,6532.52,5261
2,40.719672,-73.990014,ALLEN ST/STANTON ST,< 1 stop away,3136.8,6035
0,40.720981,-73.989339,ALLEN ST/STANTON ST,approaching,3293.1,6035
1,40.763288,-73.959293,1 AV/E 67 ST,< 1 stop away,6535.18,5261
2,40.747257,-73.970973,1 AV/E 42 ST,< 1 stop away,4495.95,6055
0,40.721873,-73.988911,ALLEN ST/STANTON ST,at stop,3398.7200000000003,6035
1,40.764481,-73.95842,1 AV/E 67 ST,approaching,6686.93,5261
2,40.747487,-73.970807,1 AV/E 42 ST,< 1 stop away,4525.09,6055
0,40.764648,-73.958296,1 AV/E 67 ST,at stop,6708.2300000000005,5261
1,40.722037,-73.988851,1 AV/E 2 ST,< 1 stop away,3417.6400000000003,6035
2,40.747721,-73.970655,1 AV/E 42 ST,< 1 stop away,4554.22,6055
0,40.764648,-73.958296,1 AV/E 67 ST,at stop,6708.2300000000005,5261
1,40.748908,-73.969715,1 AV/E 42 ST,approaching,4709.599999999999,6055
2,40.722692,-73.988612,1 AV/E 2 ST,approaching,3493.2200000000003,6035
0,40.766401,-73.957023,1 AV/E 70 ST,approaching,6930.6900000000005,5261
1,40.748908,-73.969715,1 AV/E 42 ST,approaching,4709.599999999999,6055
2,40.722674,-73.988619,1 AV/E 2 ST,approaching,3491.1200000000003,6035
0,40.766755,-73.956764,1 AV/E 70 ST,at stop,6975.68,5261
1,40.748908,-73.969715,1 AV/E 42 ST,approaching,4709.599999999999,6055
2,40.723041,-73.988582,1 AV/E 2 ST,approaching,3533.11,6035
0,40.750006,-73.968908,1 AV/E 45 ST,approaching,4849.35,6055
1,40.767388,-73.9563,1 AV/E 72 ST,approaching,7056.139999999999,5261
2,40.724419,-73.987621,1 AV / 4 ST,approaching,3706.54,6035
0,40.750617,-73.968459,1 AV/E 45 ST,at stop,4927.04,6055
1,40.723449,-73.988325,1 AV/E 2 ST,at stop,3583.5,5908
2,40.724472,-73.987583,1 AV / 4 ST,approaching,3713.33,6035
3,40.768169,-73.955733,1 AV/E 75 ST,< 1 stop away,7155.28,5261
0,40.72449,-73.98757,1 AV / 4 ST,approaching,3715.59,6035
1,40.724347,-73.987673,1 AV / 4 ST,approaching,3697.5,5908
2,40.768169,-73.955733,1 AV/E 75 ST,< 1 stop away,7155.28,5261
0,40.724347,-73.987673,1 AV / 4 ST,approaching,3697.5,5908
1,40.768315,-73.955626,1 AV/E 75 ST,< 1 stop away,7173.85,5261
2,40.725559,-73.986793,1 AV/ST MARKS PL,< 1 stop away,3851.2700000000004,6035
0,40.750617,-73.968459,1 AV/E 45 ST,at stop,4927.04,6055
1,40.80284,-73.931674,E 126 ST/2 AV,approaching,13715.130000000001,5618
2,40.726973,-73.985762,1 AV/ST MARKS PL,approaching,4030.9200000000005,6035
3,40.726794,-73.985892,1 AV/ST MARKS PL,approaching,4008.1800000000003,5908
4,40.770153,-73.954286,1 AV/E 77 ST,approaching,7407.31,5261
0,40.750617,-73.968459,1 AV/E 45 ST,at stop,4927.04,6055
1,40.803054,-73.932187,E 126 ST/2 AV,at stop,13764.410000000002,5618
2,40.77032,-73.954164,1 AV/E 77 ST,approaching,7428.530000000001,5261
3,40.728029,-73.984995,1 AV/E 11 ST,< 1 stop away,4164.97,6035
4,40.727886,-73.985098,1 AV/E 11 ST,< 1 stop away,4146.88,5908
0,40.750617,-73.968459,1 AV/E 45 ST,at stop,4927.04,6055
1,40.770716,-73.953873,1 AV/E 77 ST,approaching,7478.9400000000005,5261
2,40.728082,-73.984956,1 AV/E 11 ST,< 1 stop away,4171.75,6035
3,40.727904,-73.985085,1 AV/E 11 ST,< 1 stop away,4149.14,5908
0,40.772574,-73.952514,1 AV/E 79 ST,at stop,7715.1,5261
1,40.728955,-73.984322,1 AV/E 11 ST,approaching,4282.57,6035
2,40.72794,-73.985059,1 AV/E 11 ST,< 1 stop away,4153.66,5908
3,40.751175,-73.96805,1 AV/MITCHELL PL,< 1 stop away,4998.01,6055
0,40.772637,-73.952468,1 AV/E 79 ST,at stop,7723.070000000001,5261
1,40.729115,-73.984204,1 AV/E 11 ST,approaching,4302.93,5908
2,40.729738,-73.983748,1 AV/E 14 ST,< 1 stop away,4382.08,6035
3,40.751175,-73.96805,1 AV/MITCHELL PL,< 1 stop away,4998.01,6055
0,40.758642,-73.962682,1 AV/E 57 ST,at stop,8056.7300000000005,5873
1,40.731127,-73.982734,1 AV/E 14 ST,approaching,4558.580000000001,5908
2,40.730985,-73.982839,1 AV/E 14 ST,approaching,4540.4800000000005,6035
3,40.772679,-73.952437,1 AV/E 82 ST,< 1 stop away,7728.41,5261
4,40.751653,-73.967698,1 AV/MITCHELL PL,< 1 stop away,5058.85,6055
0,40.758642,-73.962682,1 AV/E 57 ST,at stop,8056.7300000000005,5873
1,40.731537,-73.982436,1 AV/E 14 ST,approaching,4610.63,5908
2,40.752746,-73.966908,1 AV/MITCHELL PL,approaching,5197.4400000000005,6055
3,40.730985,-73.982839,1 AV/E 14 ST,approaching,4540.4800000000005,6035
4,40.772975,-73.952219,1 AV/E 82 ST,< 1 stop away,7766.14,5261
0,40.774609,-73.95103,1 AV/E 82 ST,at stop,10085.38,5261
1,40.758642,-73.962682,1 AV/E 57 ST,at stop,8056.7300000000005,5873
2,40.731893,-73.982177,1 AV/E 14 ST,approaching,4655.88,5908
3,40.731109,-73.982747,1 AV/E 14 ST,approaching,4556.320000000001,6035
4,40.753661,-73.966314,1 AV/E 52 ST,< 1 stop away,5312.25,6055
0,40.733136,-73.981272,1 AV/E 17 ST,at stop,4813.719999999999,5908
1,40.758668,-73.962662,1 AV/E 57 ST,at stop,8060.13,5873
2,40.731626,-73.982372,1 AV/E 14 ST,approaching,4621.9400000000005,6035
3,40.753661,-73.966314,1 AV/E 52 ST,< 1 stop away,5312.25,6055
4,40.774865,-73.950845,1 AV/E 86 ST,< 1 stop away,8006.0599999999995,5261
0,40.758668,-73.962662,1 AV/E 57 ST,at stop,8060.13,5873
1,40.732681,-73.981603,1 AV/E 17 ST,approaching,4755.9,6035
2,40.734216,-73.980485,1 AV/E 20 ST,approaching,4950.839999999999,5908
3,40.775078,-73.950691,1 AV/E 86 ST,< 1 stop away,8033.09,5261
0,40.733177,-73.981242,1 AV/E 17 ST,at stop,4818.98,6035
1,40.777183,-73.94915,1 AV/E 86 ST,at stop,8300.66,5261
2,40.734806,-73.980055,1 AV/E 20 ST,approaching,5025.82,5908
3,40.758897,-73.962495,1 AV/E 62 ST,< 1 stop away,8089.22,5873
0,40.777183,-73.94915,1 AV/E 86 ST,at stop,8300.66,5261
1,40.754971,-73.965356,1 AV/E 52 ST,approaching,5478.74,6055
2,40.760218,-73.961531,1 AV/E 62 ST,< 1 stop away,8257.04,5873
3,40.735462,-73.979578,1 AV/E 23 ST,< 1 stop away,5109.120000000001,5908
4,40.733503,-73.981004,1 AV/E 20 ST,< 1 stop away,4860.349999999999,6035
0,40.777183,-73.94915,1 AV/E 86 ST,at stop,8300.66,5261
1,40.736763,-73.978632,1 AV/E 23 ST,approaching,5274.25,5908
2,40.755023,-73.965318,1 AV/E 52 ST,approaching,5485.400000000001,6055
3,40.760218,-73.961531,1 AV/E 62 ST,< 1 stop away,8257.04,5873
4,40.735193,-73.979772,1 AV/E 23 ST,< 1 stop away,5075.05,6035
0,40.75518,-73.965204,1 AV/E 52 ST,at stop,5505.37,6055
1,40.736763,-73.978632,1 AV/E 23 ST,approaching,5274.25,5908
2,40.760218,-73.961531,1 AV/E 62 ST,< 1 stop away,8257.04,5873
3,40.735524,-73.979533,1 AV/E 23 ST,< 1 stop away,5116.990000000001,6035
4,40.777374,-73.949009,1 AV/E 89 ST,< 1 stop away,10436.810000000001,5261
0,40.760575,-73.961272,1 AV/E 62 ST,approaching,8302.33,5873
1,40.737427,-73.978145,1 AV/E 25 ST,approaching,5358.74,5908
2,40.756134,-73.964506,1 AV/E 55 ST,approaching,5626.57,6055
3,40.735793,-73.979338,1 AV/E 23 ST,< 1 stop away,5151.06,6035
4,40.777374,-73.949009,1 AV/E 89 ST,< 1 stop away,10436.810000000001,5261
0,40.736763,-73.978632,1 AV/E 23 ST,approaching,5274.25,6035
1,40.760911,-73.961029,1 AV/E 62 ST,approaching,8344.95,5873
2,40.756266,-73.964409,1 AV/E 55 ST,approaching,5643.46,6055
3,40.737401,-73.978164,1 AV/E 25 ST,approaching,5355.51,5908
4,40.779145,-73.94772,1 AV/E 93 ST,< 1 stop away,10661.63,5261
0,40.736763,-73.978632,1 AV/E 23 ST,approaching,5274.25,6035
1,40.756692,-73.964099,1 AV/E 55 ST,approaching,5697.5199999999995,6055
2,40.760911,-73.961029,1 AV/E 62 ST,approaching,8344.95,5873
3,40.737401,-73.978164,1 AV/E 25 ST,approaching,5355.51,5908
4,40.711483,-73.992153,PIKE ST/MADISON ST,< 1 stop away,71.82,5263
5,40.779378,-73.947549,1 AV/E 93 ST,< 1 stop away,10691.279999999999,5261
0,40.760995,-73.960967,1 AV/E 62 ST,approaching,8355.6,5873
1,40.713451,-73.992428,PIKE ST/DIVISION ST,approaching,291.85,5263
2,40.737401,-73.978164,1 AV/E 25 ST,approaching,5355.51,5908
3,40.737249,-73.978275,1 AV/E 25 ST,< 1 stop away,5336.15,6035
4,40.757358,-73.963614,1 AV/E 57 ST,< 1 stop away,5782.05,6055
5,40.780057,-73.947053,1 AV/E 93 ST,< 1 stop away,10777.519999999999,5261
0,40.76156,-73.960552,1 AV/E 62 ST,at stop,8427.52,5873
1,40.738036,-73.9777,1 AV/E 25 ST,approaching,5436.19,6035
2,40.713507,-73.992436,PIKE ST/DIVISION ST,approaching,298.15,5263
3,40.738646,-73.977254,1 AV/E 27 ST,approaching,5513.6900000000005,5908
4,40.757358,-73.963614,1 AV/E 57 ST,< 1 stop away,5782.05,6055
5,40.781657,-73.945881,1 AV/ E 97 ST,< 1 stop away,10980.949999999999,5261
0,40.714164,-73.992535,PIKE ST/DIVISION ST,at stop,371.57,5263
1,40.738112,-73.977644,1 AV/E 25 ST,approaching,5445.87,6035
2,40.738646,-73.977254,1 AV/E 27 ST,approaching,5513.6900000000005,5908
3,40.761956,-73.960265,1 AV/E 64 ST,approaching,8477.76,5873
4,40.757678,-73.963379,1 AV/E 57 ST,approaching,5822.780000000001,6055
5,40.781768,-73.945801,1 AV/ E 97 ST,< 1 stop away,8883.29,5261
0,40.714164,-73.992535,PIKE ST/DIVISION ST,at stop,371.57,5263
1,40.758588,-73.962721,1 AV/E 57 ST,approaching,5938.200000000001,6055
2,40.739666,-73.976513,1 AV/E 28 ST,approaching,5643.23,5908
3,40.762081,-73.960174,1 AV/E 64 ST,approaching,8493.59,5873
4,40.738722,-73.977198,1 AV/E 27 ST,approaching,5523.400000000001,6035
5,40.781842,-73.945747,1 AV/ E 97 ST,< 1 stop away,8892.68,5261
0,40.714182,-73.992538,PIKE ST/DIVISION ST,at stop,373.67,5263
1,40.758588,-73.962721,1 AV/E 57 ST,approaching,5938.200000000001,6055
2,40.739207,-73.976846,1 AV/E 27 ST,approaching,5584.92,6035
3,40.739666,-73.976513,1 AV/E 28 ST,approaching,5643.23,5908
4,40.76312,-73.959416,1 AV/E 67 ST,< 1 stop away,8625.630000000001,5873
5,40.781842,-73.945747,1 AV/ E 97 ST,< 1 stop away,8892.68,5261
0,40.740357,-73.976009,1 AV/E 28 ST,at stop,5730.99,5908
1,40.739258,-73.976809,1 AV/E 27 ST,approaching,5591.400000000001,6035
2,40.783877,-73.944266,1 AV/ E 97 ST,approaching,9151.070000000002,5261
3,40.76398,-73.95879,1 AV/E 67 ST,approaching,8734.79,5873
4,40.715343,-73.992241,ALLEN ST/GRAND ST,< 1 stop away,508.4200000000001,5263
5,40.759023,-73.962402,1 AV/E 62 ST,< 1 stop away,5993.450000000001,6055
0,40.740332,-73.976027,1 AV/E 28 ST,at stop,5727.74,5908
1,40.764607,-73.958327,1 AV/E 67 ST,approaching,8814.65,5873
2,40.71686,-73.991459,ALLEN ST/GRAND ST,approaching,689.5500000000001,5263
3,40.740178,-73.97614,1 AV/E 28 ST,approaching,5708.24,6035
4,40.783877,-73.944266,1 AV/ E 97 ST,approaching,9151.070000000002,5261
5,40.760113,-73.961607,1 AV/E 62 ST,< 1 stop away,6131.97,6055
0,40.716984,-73.991396,ALLEN ST/GRAND ST,at stop,704.3000000000001,5263
1,40.740357,-73.976009,1 AV/E 28 ST,at stop,5730.99,6035
2,40.764607,-73.958327,1 AV/E 67 ST,approaching,8814.65,5873
3,40.741611,-73.975096,1 AV/E 31 ST,approaching,5890.16,5908
4,40.784284,-73.943969,1 AV/ E 97 ST,approaching,9202.740000000002,5261
5,40.760575,-73.961272,1 AV/E 62 ST,approaching,6190.58,6055
0,40.740332,-73.976027,1 AV/E 28 ST,at stop,5727.74,6035
1,40.743754,-73.973532,1 AV/E 34 ST,approaching,6162.509999999999,5908
2,40.760575,-73.961272,1 AV/E 62 ST,approaching,6190.58,6055
3,40.718354,-73.990691,ALLEN ST/DELANCEY ST,approaching,867.84,5263
4,40.764984,-73.958053,1 AV/E 70 ST,< 1 stop away,8862.5,5873
5,40.78548,-73.943094,1 AV/E 102 ST,< 1 stop away,9354.859999999999,5261
0,40.719583,-73.990059,ALLEN ST/DELANCEY ST,at stop,1014.49,5263
1,40.744061,-73.97331,1 AV/E 34 ST,at stop,6201.4,5908
2,40.740332,-73.976027,1 AV/E 28 ST,at stop,5727.74,6035
3,40.760701,-73.961181,1 AV/E 62 ST,approaching,6206.56,6055
4,40.766902,-73.956655,1 AV/E 72 ST,< 1 stop away,9106.21,5873
5,40.78548,-73.943094,1 AV/E 102 ST,< 1 stop away,9354.859999999999,5261
0,40.744112,-73.973273,1 AV/E 34 ST,at stop,6207.889999999999,5908
1,40.74179,-73.974966,1 AV/E 31 ST,at stop,5912.900000000001,6035
2,40.761141,-73.960859,1 AV/E 62 ST,approaching,6262.5,6055
3,40.767155,-73.956468,1 AV/E 72 ST,approaching,9138.39,5873
4,40.78548,-73.943094,1 AV/E 102 ST,< 1 stop away,9354.859999999999,5261
5,40.719601,-73.99005,ALLEN ST/STANTON ST,< 1 stop away,1016.6000000000001,5263
0,40.74534,-73.972374,1 AV/E 36 ST,at stop,6364.06,5908
1,40.721495,-73.989077,ALLEN ST/STANTON ST,approaching,1242.6100000000001,5263
2,40.76112,-73.960875,1 AV/E 62 ST,approaching,6259.83,6055
3,40.74355,-73.973681,1 AV/E 34 ST,approaching,6136.58,6035
4,40.767155,-73.956468,1 AV/E 72 ST,approaching,9138.39,5873
5,40.713207,-73.992391,PIKE ST/DIVISION ST,approaching,2376.3300000000004,5900
6,40.785532,-73.943056,1 AV/E 102 ST,< 1 stop away,9361.359999999999,5261
0,40.74534,-73.972374,1 AV/E 36 ST,at stop,6364.06,5908
1,40.714145,-73.992532,PIKE ST/DIVISION ST,at stop,2481.23,5900
2,40.744982,-73.972637,1 AV/E 36 ST,approaching,6318.5,6035
3,40.722528,-73.988672,1 AV/E 2 ST,approaching,1362.58,5263
4,40.761769,-73.960401,1 AV/E 64 ST,< 1 stop away,6342.25,6055
5,40.768419,-73.955549,1 AV/E 75 ST,< 1 stop away,9298.86,5873
6,40.785532,-73.943056,1 AV/E 102 ST,< 1 stop away,9361.359999999999,5261
0,40.714164,-73.992535,PIKE ST/DIVISION ST,at stop,2483.32,5900
1,40.744957,-73.972656,1 AV/E 36 ST,approaching,6315.240000000001,6035
2,40.722528,-73.988672,1 AV/E 2 ST,approaching,1362.58,5263
3,40.761769,-73.960401,1 AV/E 64 ST,< 1 stop away,6342.25,6055
4,40.768419,-73.955549,1 AV/E 75 ST,< 1 stop away,9298.86,5873
5,40.74557,-73.972205,1 AV/E 39 ST,< 1 stop away,6393.299999999999,5908
6,40.787521,-73.9416,1 AV/E 106 ST,< 1 stop away,9614.269999999999,5261
0,40.74534,-73.972374,1 AV/E 36 ST,at stop,6364.06,6035
1,40.769401,-73.954833,1 AV/E 75 ST,approaching,9423.56,5873
2,40.722674,-73.988619,1 AV/E 2 ST,approaching,1379.37,5263
3,40.761873,-73.960325,1 AV/E 64 ST,approaching,6355.44,6055
4,40.747232,-73.970992,1 AV/E 42 ST,< 1 stop away,6604.46,5908
5,40.787633,-73.941518,1 AV/E 106 ST,< 1 stop away,9628.49,5261
6,40.714577,-73.992589,ALLEN ST/GRAND ST,< 1 stop away,2529.6000000000004,5900
0,40.716684,-73.99155,ALLEN ST/GRAND ST,approaching,2780.2400000000002,5900
1,40.761977,-73.96025,1 AV/E 64 ST,approaching,6368.639999999999,6055
2,40.770216,-73.95424,1 AV/E 77 ST,approaching,9527.029999999999,5873
3,40.746082,-73.971835,1 AV/E 39 ST,approaching,6458.28,6035
4,40.724134,-73.987828,1 AV / 4 ST,< 1 stop away,1558.6200000000001,5263
5,40.747232,-73.970992,1 AV/E 42 ST,< 1 stop away,6604.46,5908
6,40.78767,-73.941491,1 AV/E 106 ST,< 1 stop away,9633.23,5261
0,40.762891,-73.959584,1 AV/E 64 ST,at stop,6484.72,6055
1,40.78976,-73.939967,1 AV/E 106 ST,at stop,9898.67,5261
2,40.716966,-73.991405,ALLEN ST/GRAND ST,at stop,2813.94,5900
3,40.748654,-73.969901,1 AV/E 42 ST,approaching,6788.98,5908
4,40.771803,-73.953082,1 AV/E 79 ST,approaching,9728.66,5873
5,40.746211,-73.971742,1 AV/E 39 ST,approaching,6474.5199999999995,6035
6,40.72433,-73.987686,1 AV / 4 ST,approaching,1583.48,5263
0,40.746899,-73.971234,1 AV/E 39 ST,approaching,6562.24,6035
1,40.772345,-73.952683,1 AV/E 79 ST,approaching,9797.66,5873
2,40.748679,-73.969883,1 AV/E 42 ST,approaching,6792.22,5908
3,40.724365,-73.98766,1 AV / 4 ST,approaching,1588.0,5263
4,40.717758,-73.990999,ALLEN ST/DELANCEY ST,< 1 stop away,2908.3599999999997,5900
5,40.789945,-73.939831,1 AV/E 108 ST,< 1 stop away,9922.220000000001,5261
6,40.763058,-73.959462,1 AV/E 67 ST,< 1 stop away,6505.900000000001,6055
0,40.72547,-73.986858,1 AV / 4 ST,at stop,1728.15,5263
1,40.718881,-73.990419,ALLEN ST/DELANCEY ST,approaching,3042.4399999999996,5900
2,40.748348,-73.970125,1 AV/E 42 ST,approaching,6750.139999999999,6035
3,40.749343,-73.969395,1 AV/E 45 ST,< 1 stop away,6876.67,5908
4,40.790275,-73.93959,1 AV/E 108 ST,< 1 stop away,9964.2,5261
5,40.763225,-73.959339,1 AV/E 67 ST,< 1 stop away,6527.2,6055
6,40.772742,-73.95239,1 AV/E 82 ST,< 1 stop away,9848.25,5873
0,40.72547,-73.986858,1 AV / 4 ST,at stop,1728.15,5263
1,40.748679,-73.969883,1 AV/E 42 ST,approaching,6792.22,6035
2,40.718845,-73.990437,ALLEN ST/DELANCEY ST,approaching,3038.25,5900
3,40.763896,-73.958851,1 AV/E 67 ST,approaching,6612.39,6055
4,40.790569,-73.939375,1 AV/E 108 ST,approaching,10001.51,5261
5,40.749343,-73.969395,1 AV/E 45 ST,< 1 stop away,6876.67,5908
6,40.772742,-73.95239,1 AV/E 82 ST,< 1 stop away,9848.25,5873
0,40.719267,-73.990223,ALLEN ST/DELANCEY ST,approaching,3088.5299999999997,5900
1,40.764418,-73.958466,1 AV/E 67 ST,approaching,6678.9400000000005,6055
2,40.748755,-73.969827,1 AV/E 42 ST,approaching,6801.93,6035
3,40.749529,-73.969259,1 AV/E 45 ST,approaching,6900.31,5908
4,40.791892,-73.938407,1 AV/E 111 ST,< 1 stop away,10169.76,5261
5,40.773272,-73.952003,1 AV/E 82 ST,< 1 stop away,9915.619999999999,5873
6,40.725595,-73.986767,1 AV/ST MARKS PL,< 1 stop away,1744.06,5263
0,40.750617,-73.968459,1 AV/E 45 ST,at stop,7038.79,5908
1,40.750245,-73.968732,1 AV/E 45 ST,approaching,6991.5,6035
2,40.764439,-73.95845,1 AV/E 67 ST,approaching,6681.6,6055
3,40.793307,-73.937376,1 AV/E 113 ST,approaching,10349.35,5261
4,40.726365,-73.986206,1 AV/ST MARKS PL,< 1 stop away,1841.84,5263
5,40.720237,-73.989721,ALLEN ST/STANTON ST,< 1 stop away,3204.39,5900
6,40.774737,-73.950938,1 AV/E 86 ST,< 1 stop away,10101.6,5873
0,40.750617,-73.968459,1 AV/E 45 ST,at stop,7038.79,5908
1,40.764795,-73.95819,1 AV/E 67 ST,at stop,6726.860000000001,6055
2,40.793418,-73.937295,1 AV/E 113 ST,approaching,10363.460000000001,5261
3,40.720379,-73.989647,ALLEN ST/STANTON ST,< 1 stop away,3221.29,5900
4,40.727922,-73.985072,1 AV/E 11 ST,< 1 stop away,2039.6400000000003,5263
5,40.751546,-73.967776,1 AV/MITCHELL PL,< 1 stop away,7157.08,6035
6,40.774972,-73.950768,1 AV/E 86 ST,< 1 stop away,10131.33,5873
0,40.75067,-73.96842,1 AV/E 45 ST,at stop,7045.54,5908
1,40.764795,-73.95819,1 AV/E 67 ST,at stop,6726.860000000001,6055
2,40.721781,-73.988944,ALLEN ST/STANTON ST,at stop,3388.15,5900
3,40.794195,-73.936727,1 AV/E 113 ST,at stop,10462.220000000001,5261
4,40.753119,-73.966638,1 AV/MITCHELL PL,approaching,7356.51,6035
5,40.776162,-73.949896,1 AV/E 86 ST,approaching,10282.69,5873
6,40.727922,-73.985072,1 AV/E 11 ST,< 1 stop away,2039.6400000000003,5263
0,40.75067,-73.96842,1 AV/E 45 ST,at stop,7045.54,5908
1,40.753146,-73.966619,1 AV/MITCHELL PL,approaching,7359.89,6035
2,40.766089,-73.957251,1 AV/E 70 ST,approaching,6891.0,6055
3,40.722073,-73.988838,1 AV/E 2 ST,< 1 stop away,3421.84,5900
4,40.794788,-73.936293,1 AV/E 116 ST,< 1 stop away,10537.57,5261
5,40.728029,-73.984995,1 AV/E 11 ST,< 1 stop away,2053.21,5263
6,40.777289,-73.949072,1 AV/E 89 ST,< 1 stop away,10425.970000000001,5873
0,40.79579,-73.935564,1 AV/E 116 ST,approaching,10664.789999999999,5261
1,40.728867,-73.984387,1 AV/E 11 ST,approaching,2159.51,5263
2,40.767029,-73.956561,1 AV/E 72 ST,approaching,7010.549999999999,6055
3,40.722073,-73.988838,1 AV/E 2 ST,< 1 stop away,3421.84,5900
4,40.751945,-73.967484,1 AV/MITCHELL PL,< 1 stop away,7207.780000000001,5908
5,40.753687,-73.966295,1 AV/E 52 ST,< 1 stop away,7427.34,6035
6,40.777225,-73.949119,1 AV/E 89 ST,< 1 stop away,10417.84,5873
0,40.729667,-73.9838,1 AV/E 11 ST,at stop,2261.28,5263
1,40.753555,-73.96639,1 AV/MITCHELL PL,at stop,7410.59,5908
2,40.795752,-73.935591,1 AV/E 116 ST,approaching,10660.08,5261
3,40.767282,-73.956377,1 AV/E 72 ST,approaching,7042.73,6055
4,40.754473,-73.965719,1 AV/E 52 ST,approaching,7527.2300000000005,6035
5,40.72251,-73.988678,1 AV/E 2 ST,approaching,3472.23,5900
6,40.777225,-73.949119,1 AV/E 89 ST,< 1 stop away,10417.84,5873
0,40.768085,-73.955794,1 AV/E 72 ST,at stop,7144.639999999999,6055
1,40.778164,-73.948434,1 AV/E 89 ST,approaching,10537.060000000001,5873
2,40.754446,-73.965739,1 AV/E 52 ST,approaching,7523.900000000001,6035
3,40.724347,-73.987673,1 AV / 4 ST,approaching,3697.5,5900
4,40.753714,-73.966277,1 AV/E 52 ST,< 1 stop away,7430.67,5908
5,40.729827,-73.983684,1 AV/E 14 ST,< 1 stop away,2281.65,5263
6,40.796458,-73.935077,1 AV/E 120 ST,< 1 stop away,10749.63,5261
0,40.754446,-73.965739,1 AV/E 52 ST,approaching,7523.900000000001,6035
1,40.724437,-73.987608,1 AV / 4 ST,approaching,3708.8,5900
2,40.75395,-73.966106,1 AV/E 52 ST,< 1 stop away,7460.64,5908
3,40.768127,-73.955763,1 AV/E 75 ST,< 1 stop away,7149.97,6055
4,40.730237,-73.983385,1 AV/E 14 ST,< 1 stop away,2333.69,5263
5,40.779251,-73.947642,1 AV/E 93 ST,< 1 stop away,10675.109999999999,5873
6,40.796458,-73.935077,1 AV/E 120 ST,< 1 stop away,10749.63,5261
0,40.731608,-73.982385,1 AV/E 14 ST,approaching,2507.93,5263
1,40.724419,-73.987621,1 AV / 4 ST,approaching,3706.54,5900
2,40.756054,-73.964565,1 AV/E 55 ST,< 1 stop away,7728.19,5908
3,40.756001,-73.964604,1 AV/E 55 ST,< 1 stop away,7721.43,6035
4,40.768419,-73.955549,1 AV/E 75 ST,< 1 stop away,7187.11,6055
5,40.797312,-73.934452,1 AV/E 120 ST,< 1 stop away,10858.189999999999,5261
6,40.77942,-73.947518,1 AV/E 93 ST,< 1 stop away,10696.67,5873
0,40.757278,-73.963673,1 AV/E 55 ST,at stop,7883.62,5908
1,40.769735,-73.95459,1 AV/E 75 ST,approaching,7354.26,6055
2,40.731608,-73.982385,1 AV/E 14 ST,approaching,2507.93,5263
3,40.79932,-73.932983,1 AV/PALADINO AV,approaching,11113.52,5261
4,40.780269,-73.946899,1 AV/E 93 ST,< 1 stop away,10804.47,5873
5,40.757438,-73.963555,1 AV/E 57 ST,< 1 stop away,7903.9800000000005,6035
6,40.725541,-73.986806,1 AV/ST MARKS PL,< 1 stop away,3848.9900000000002,5900
0,40.757251,-73.963692,1 AV/E 55 ST,at stop,7880.24,5908
1,40.731858,-73.982203,1 AV/E 14 ST,approaching,2539.61,5263
2,40.79932,-73.932983,1 AV/PALADINO AV,approaching,11113.52,5261
3,40.72674,-73.985932,1 AV/ST MARKS PL,approaching,4001.3600000000006,5900
4,40.770132,-73.954301,1 AV/E 77 ST,approaching,7404.660000000001,6055
5,40.757384,-73.963594,1 AV/E 57 ST,< 1 stop away,7897.200000000001,6035
6,40.781768,-73.945801,1 AV/ E 97 ST,< 1 stop away,10995.05,5873
0,40.757278,-73.963673,1 AV/E 55 ST,at stop,7883.62,5908
1,40.733053,-73.981332,1 AV/E 17 ST,at stop,2691.45,5263
2,40.800962,-73.931788,1 AV/E 125 ST,approaching,11321.9,5261
3,40.770278,-73.954195,1 AV/E 77 ST,approaching,7423.2300000000005,6055
4,40.757384,-73.963594,1 AV/E 57 ST,< 1 stop away,7897.200000000001,6035
5,40.727904,-73.985085,1 AV/E 11 ST,< 1 stop away,4149.14,5900
6,40.782803,-73.945044,1 AV/ E 97 ST,< 1 stop away,11126.589999999998,5873
0,40.757278,-73.963673,1 AV/E 55 ST,at stop,7883.62,5908
1,40.73507,-73.979861,1 AV/E 20 ST,at stop,2947.68,5263
2,40.77105,-73.953628,1 AV/E 77 ST,at stop,7521.38,6055
3,40.758535,-73.96276,1 AV/E 57 ST,approaching,8043.160000000001,6035
4,40.802419,-73.930942,E 126 ST/2 AV,approaching,11515.54,5261
5,40.783211,-73.94475,1 AV/ E 97 ST,< 1 stop away,11178.259999999998,5873
6,40.728065,-73.984969,1 AV/E 11 ST,< 1 stop away,4169.49,5900
0,40.757278,-73.963673,1 AV/E 55 ST,at stop,7883.62,5908
1,40.802915,-73.931852,E 126 ST/2 AV,approaching,11620.52,5261
2,40.77222,-73.952775,1 AV/E 79 ST,approaching,7669.990000000001,6055
3,40.729222,-73.984125,1 AV/E 11 ST,approaching,4316.5,5900
4,40.783951,-73.944212,1 AV/ E 97 ST,approaching,11272.22,5873
5,40.735297,-73.979697,1 AV/E 23 ST,< 1 stop away,2976.41,5263
6,40.75896,-73.962448,1 AV/E 62 ST,< 1 stop away,8097.21,6035
0,40.757278,-73.963673,1 AV/E 55 ST,at stop,7883.62,5908
1,40.784321,-73.943942,1 AV/ E 97 ST,approaching,11319.199999999999,5873
2,40.772178,-73.952805,1 AV/E 79 ST,approaching,7664.68,6055
3,40.735297,-73.979697,1 AV/E 23 ST,< 1 stop away,2976.41,5263
4,40.729738,-73.983748,1 AV/E 14 ST,< 1 stop away,4382.08,5900
5,40.75919,-73.962279,1 AV/E 62 ST,< 1 stop away,8126.51,6035
0,40.757278,-73.963673,1 AV/E 55 ST,at stop,7883.62,5908
1,40.772511,-73.95256,1 AV/E 79 ST,at stop,7707.14,6055
2,40.784284,-73.943969,1 AV/ E 97 ST,approaching,11314.5,5873
3,40.760701,-73.961181,1 AV/E 62 ST,approaching,8318.31,6035
4,40.73118,-73.982695,1 AV/E 14 ST,approaching,4565.370000000001,5900
5,40.735297,-73.979697,1 AV/E 23 ST,< 1 stop away,2976.41,5263
0,40.757278,-73.963673,1 AV/E 55 ST,at stop,7883.62,5908
1,40.772595,-73.952499,1 AV/E 79 ST,at stop,7717.76,6055
2,40.761393,-73.960675,1 AV/E 62 ST,approaching,8406.210000000001,6035
3,40.784284,-73.943969,1 AV/ E 97 ST,approaching,11314.5,5873
4,40.731162,-73.982708,1 AV/E 14 ST,approaching,4563.110000000001,5900
5,40.735297,-73.979697,1 AV/E 23 ST,< 1 stop away,2976.41,5263
0,40.761351,-73.960706,1 AV/E 62 ST,approaching,8400.89,6035
1,40.758481,-73.962799,1 AV/E 57 ST,approaching,8036.37,5908
2,40.784284,-73.943969,1 AV/ E 97 ST,approaching,11314.5,5873
3,40.731608,-73.982385,1 AV/E 14 ST,approaching,4619.68,5900
4,40.735297,-73.979697,1 AV/E 23 ST,< 1 stop away,2976.41,5263
5,40.772827,-73.952328,1 AV/E 82 ST,< 1 stop away,7747.28,6055
0,40.758642,-73.962682,1 AV/E 57 ST,at stop,8056.7300000000005,5908
1,40.731608,-73.982385,1 AV/E 14 ST,approaching,4619.68,5900
2,40.761873,-73.960325,1 AV/E 64 ST,approaching,8467.2,6035
3,40.735648,-73.979444,1 AV/E 23 ST,< 1 stop away,3020.96,5263
4,40.773145,-73.952095,1 AV/E 82 ST,< 1 stop away,7787.7,6055
5,40.785634,-73.942981,1 AV/E 102 ST,< 1 stop away,11486.1,5873
0,40.758855,-73.962526,1 AV/E 57 ST,at stop,8083.89,5908
1,40.762663,-73.959751,1 AV/E 64 ST,approaching,8567.460000000001,6035
2,40.73159,-73.982398,1 AV/E 14 ST,approaching,4617.410000000001,5900
3,40.737376,-73.978182,1 AV/E 25 ST,approaching,3240.5299999999997,5263
4,40.773145,-73.952095,1 AV/E 82 ST,< 1 stop away,7787.7,6055
5,40.785634,-73.942981,1 AV/E 102 ST,< 1 stop away,11486.1,5873
0,40.77444,-73.951154,1 AV/E 82 ST,at stop,7952.07,6055
1,40.73159,-73.982398,1 AV/E 14 ST,approaching,4617.410000000001,5900
2,40.737376,-73.978182,1 AV/E 25 ST,approaching,3240.5299999999997,5263
3,40.785787,-73.942869,1 AV/E 102 ST,< 1 stop away,11505.6,5873
4,40.759987,-73.961697,1 AV/E 62 ST,< 1 stop away,8227.74,5908
5,40.76312,-73.959416,1 AV/E 67 ST,< 1 stop away,8625.630000000001,6035
0,40.738468,-73.977384,1 AV/E 25 ST,at stop,3379.29,5263
1,40.787167,-73.941859,1 AV/E 102 ST,at stop,11681.07,5873
2,40.731875,-73.98219,1 AV/E 14 ST,approaching,4653.620000000001,5900
3,40.760974,-73.960982,1 AV/E 62 ST,approaching,8352.94,5908
4,40.775886,-73.9501,1 AV/E 86 ST,< 1 stop away,8135.79,6055
5,40.763455,-73.959171,1 AV/E 67 ST,< 1 stop away,8668.23,6035
0,40.731929,-73.982151,1 AV/E 14 ST,at stop,4660.410000000001,5900
1,40.764586,-73.958342,1 AV/E 67 ST,approaching,8811.99,6035
2,40.761267,-73.960767,1 AV/E 62 ST,approaching,8390.23,5908
3,40.739105,-73.97692,1 AV/E 27 ST,approaching,3460.22,5263
4,40.776098,-73.949943,1 AV/E 86 ST,approaching,8162.82,6055
5,40.787558,-73.941573,1 AV/E 106 ST,< 1 stop away,11730.76,5873
0,40.789872,-73.939885,1 AV/E 106 ST,at stop,12024.64,5873
1,40.761246,-73.960783,1 AV/E 62 ST,approaching,8387.57,5908
2,40.739233,-73.976828,1 AV/E 27 ST,approaching,3476.41,5263
3,40.776694,-73.949508,1 AV/E 86 ST,approaching,8238.5,6055
4,40.76538,-73.957767,1 AV/E 70 ST,< 1 stop away,8912.78,6035
5,40.73332,-73.981138,1 AV/E 20 ST,< 1 stop away,4837.08,5900
0,40.777162,-73.949166,1 AV/E 86 ST,at stop,8297.96,6055
1,40.740306,-73.976046,1 AV/E 28 ST,approaching,3612.7299999999996,5263
2,40.765839,-73.957433,1 AV/E 70 ST,approaching,8971.0,6035
3,40.762039,-73.960205,1 AV/E 64 ST,approaching,8488.31,5908
4,40.789908,-73.939858,1 AV/E 108 ST,< 1 stop away,12029.300000000001,5873
5,40.73332,-73.981138,1 AV/E 20 ST,< 1 stop away,4837.08,5900
0,40.766672,-73.956825,1 AV/E 70 ST,at stop,9076.85,6035
1,40.740434,-73.975953,1 AV/E 28 ST,at stop,3628.99,5263
2,40.734907,-73.97998,1 AV/E 20 ST,at stop,5038.75,5900
3,40.762102,-73.960159,1 AV/E 64 ST,approaching,8496.23,5908
4,40.790349,-73.939536,1 AV/E 108 ST,< 1 stop away,12085.28,5873
5,40.777396,-73.948993,1 AV/E 89 ST,< 1 stop away,8327.75,6055
0,40.740536,-73.975878,1 AV/E 28 ST,at stop,3641.99,5263
1,40.734907,-73.97998,1 AV/E 20 ST,at stop,5038.75,5900
2,40.792824,-73.937728,1 AV/E 111 ST,approaching,12399.75,5873
3,40.762102,-73.960159,1 AV/E 64 ST,approaching,8496.23,5908
4,40.767155,-73.956468,1 AV/E 72 ST,approaching,9138.39,6035
5,40.777694,-73.948775,1 AV/E 89 ST,< 1 stop away,8365.69,6055
0,40.741764,-73.974985,1 AV/E 31 ST,at stop,3797.89,5263
1,40.767726,-73.956056,1 AV/E 72 ST,approaching,9210.8,6035
2,40.762102,-73.960159,1 AV/E 64 ST,approaching,8496.23,5908
3,40.735359,-73.979653,1 AV/E 23 ST,< 1 stop away,5096.02,5900
4,40.794491,-73.93651,1 AV/E 116 ST,< 1 stop away,12611.64,5873
5,40.779124,-73.947735,1 AV/E 93 ST,< 1 stop away,8547.189999999999,6055
0,40.74179,-73.974966,1 AV/E 31 ST,at stop,3801.14,5263
1,40.767916,-73.955918,1 AV/E 72 ST,at stop,9234.93,6035
2,40.79579,-73.935564,1 AV/E 116 ST,approaching,12776.55,5873
3,40.762102,-73.960159,1 AV/E 64 ST,approaching,8496.23,5908
4,40.736102,-73.979112,1 AV/E 23 ST,approaching,5190.370000000001,5900
5,40.77923,-73.947657,1 AV/E 93 ST,< 1 stop away,8560.66,6055
0,40.767916,-73.955918,1 AV/E 72 ST,at stop,9234.93,6035
1,40.795864,-73.93551,1 AV/E 116 ST,approaching,12785.98,5873
2,40.736494,-73.978827,1 AV/E 23 ST,approaching,5240.17,5900
3,40.762102,-73.960159,1 AV/E 64 ST,approaching,8496.23,5908
4,40.742045,-73.97478,1 AV/E 34 ST,< 1 stop away,3833.5999999999995,5263
5,40.779336,-73.94758,1 AV/E 93 ST,< 1 stop away,8574.14,6055
0,40.736928,-73.978512,1 AV/E 23 ST,at stop,5295.21,5900
1,40.762205,-73.960084,1 AV/E 64 ST,approaching,8509.42,5908
2,40.743372,-73.973812,1 AV/E 34 ST,approaching,4002.14,5263
3,40.768231,-73.955687,1 AV/E 75 ST,< 1 stop away,9274.99,6035
4,40.779336,-73.94758,1 AV/E 93 ST,< 1 stop away,8574.14,6055
5,40.796458,-73.935077,1 AV/E 120 ST,< 1 stop away,12861.39,5873
0,40.769714,-73.954606,1 AV/E 75 ST,approaching,9463.36,6035
1,40.764481,-73.95842,1 AV/E 67 ST,approaching,8798.68,5908
2,40.780948,-73.946403,1 AV/E 93 ST,approaching,8778.949999999999,6055
3,40.743372,-73.973812,1 AV/E 34 ST,approaching,4002.14,5263
4,40.737503,-73.978089,1 AV/E 25 ST,approaching,5368.42,5900
5,40.796458,-73.935077,1 AV/E 120 ST,< 1 stop away,12861.39,5873
0,40.744009,-73.973347,1 AV/E 34 ST,at stop,4083.1699999999996,5263
1,40.769735,-73.95459,1 AV/E 75 ST,approaching,9466.01,6035
2,40.780948,-73.946403,1 AV/E 93 ST,approaching,8778.949999999999,6055
3,40.737528,-73.978071,1 AV/E 25 ST,approaching,5371.65,5900
4,40.766776,-73.956748,1 AV/E 72 ST,< 1 stop away,9090.119999999999,5908
5,40.796458,-73.935077,1 AV/E 120 ST,< 1 stop away,12861.39,5873
0,40.744009,-73.973347,1 AV/E 34 ST,at stop,4083.1699999999996,5263
1,40.73763,-73.977996,1 AV/E 25 ST,approaching,5384.56,5900
2,40.767092,-73.956515,1 AV/E 72 ST,approaching,9130.34,5908
3,40.770216,-73.95424,1 AV/E 77 ST,approaching,9527.029999999999,6035
4,40.797275,-73.934479,1 AV/E 120 ST,< 1 stop away,12965.23,5873
5,40.781694,-73.945854,1 AV/ E 97 ST,< 1 stop away,8873.890000000001,6055
0,40.744009,-73.973347,1 AV/E 34 ST,at stop,4083.1699999999996,5263
1,40.73913,-73.976902,1 AV/E 27 ST,approaching,5575.21,5900
2,40.799395,-73.932928,1 AV/PALADINO AV,approaching,13234.8,5873
3,40.767071,-73.95653,1 AV/E 72 ST,approaching,9127.66,5908
4,40.771301,-73.953446,1 AV/E 79 ST,< 1 stop away,9664.97,6035
5,40.781694,-73.945854,1 AV/ E 97 ST,< 1 stop away,8873.890000000001,6055
0,40.800258,-73.932298,1 AV/PALADINO AV,at stop,13344.369999999999,5873
1,40.744009,-73.973347,1 AV/E 34 ST,at stop,4083.1699999999996,5263
2,40.767895,-73.955933,1 AV/E 72 ST,at stop,9232.25,5908
3,40.739309,-73.976772,1 AV/E 27 ST,approaching,5597.88,5900
4,40.771636,-73.953204,1 AV/E 79 ST,approaching,9707.429999999998,6035
5,40.781694,-73.945854,1 AV/ E 97 ST,< 1 stop away,8873.890000000001,6055
0,40.740434,-73.975953,1 AV/E 28 ST,at stop,5740.75,5900
1,40.772094,-73.952867,1 AV/E 79 ST,approaching,9765.82,6035
2,40.744291,-73.973142,1 AV/E 36 ST,approaching,4118.87,5263
3,40.802503,-73.93088,E 126 ST/2 AV,approaching,13638.0,5873
4,40.768231,-73.955687,1 AV/E 75 ST,< 1 stop away,9274.99,5908
5,40.782137,-73.94553,1 AV/ E 97 ST,< 1 stop away,8930.26,6055
0,40.701493,-74.012469,SOUTH ST/WHITEHALL ST,at stop,0.05,5714
1,40.744726,-73.972824,1 AV/E 36 ST,approaching,4174.1900000000005,5263
2,40.740664,-73.975785,1 AV/E 31 ST,< 1 stop away,5769.99,5900
3,40.768231,-73.955687,1 AV/E 75 ST,< 1 stop away,9274.99,5908
4,40.7727,-73.952422,1 AV/E 82 ST,< 1 stop away,9842.859999999999,6035
5,40.782137,-73.94553,1 AV/ E 97 ST,< 1 stop away,8930.26,6055
0,40.769484,-73.954773,1 AV/E 75 ST,approaching,9434.17,5908
1,40.773655,-73.951727,1 AV/E 82 ST,approaching,9964.119999999999,6035
2,40.740664,-73.975785,1 AV/E 31 ST,< 1 stop away,5769.99,5900
3,40.702111,-74.012754,WATER ST/BROAD ST,< 1 stop away,80.40999999999997,5714
4,40.745417,-73.972318,1 AV/E 39 ST,< 1 stop away,4262.05,5263
5,40.782137,-73.94553,1 AV/ E 97 ST,< 1 stop away,8930.26,6055
0,40.747206,-73.971011,1 AV/E 39 ST,at stop,4489.47,5263
1,40.741969,-73.974835,1 AV/E 31 ST,at stop,5935.63,5900
2,40.773655,-73.951727,1 AV/E 82 ST,approaching,9964.119999999999,6035
3,40.770216,-73.95424,1 AV/E 77 ST,approaching,9527.029999999999,5908
4,40.702331,-74.012815,WATER ST/BROAD ST,< 1 stop away,105.34999999999997,5714
5,40.782137,-73.94553,1 AV/ E 97 ST,< 1 stop away,8930.26,6055
0,40.741969,-73.974835,1 AV/E 31 ST,at stop,5935.63,5900
1,40.78509,-73.943382,1 AV/E 99 ST,approaching,9305.09,6055
2,40.702994,-74.011369,WATER ST/BROAD ST,approaching,257.75,5714
3,40.77151,-73.953295,1 AV/E 79 ST,approaching,9691.51,5908
4,40.747257,-73.970973,1 AV/E 42 ST,< 1 stop away,4495.95,5263
5,40.774695,-73.950969,1 AV/E 86 ST,< 1 stop away,10096.2,6035
0,40.771657,-73.953189,1 AV/E 79 ST,approaching,9710.09,5908
1,40.775568,-73.950336,1 AV/E 86 ST,< 1 stop away,10207.01,6035
2,40.703137,-74.010808,WATER ST/OLD SLIP,< 1 stop away,307.65999999999997,5714
3,40.747359,-73.970898,1 AV/E 42 ST,< 1 stop away,4508.9,5263
4,40.742147,-73.974705,1 AV/E 34 ST,< 1 stop away,5958.32,5900
